_id,contentObjectId,networkRequestId,cacheKey,contentType,featureType,fetchBeginTimestamp,firstAccessedTimestamp,lastAccessedTimestamp,blob
3207,lens_icon.lens_icon-https://bolt-gcdn.sc-cdn.net/3/puev8X5wKnVZGAqCal7tU?bo=EhgaABoAMgF9OgEEQgYIjfrr-AVIAlASYAE%3D&uc=18,Fco7XaOGpmkA4T9hxOLpNA,8C141A6522EDA881EC3A9701B85DEAF2,lens_icon,Lenses,1625718289319,0,0,"b'\x18\xfaO \xfaO*\x16xiD_ggafXi4di076hsp8Uw:\x04wwanB\x81\x01AppStateChangeEvent(appState=FOREGROUND, stateChangeTimestamp=NetworkTimeStamp(elapsedMillis=209837327, utcMillis=1625718288295))H\x00'"
3208,lens_icon.lens_icon-https://bolt-gcdn.sc-cdn.net/3/qwEGuoLGpkNUA0VWk01an?bo=EhgaABoAMgF9OgEEQgYIjvmZ8gVIAlASYAE%3D&uc=18,00ZZHdSFr2M8c8SWM_Y2RA,0736B5479072D4887BCFE4F7E388AA05,lens_icon,Lenses,1625718289449,0,0,"b'\x18\xb2B \xb2B*\x16xiD_ggafXi4di076hsp8Uw:\x04wwanB\x81\x01AppStateChangeEvent(appState=FOREGROUND, stateChangeTimestamp=NetworkTimeStamp(elapsedMillis=209837327, utcMillis=1625718288295))H\x00'"
3209,lens_icon.lens_icon-https://bolt-gcdn.sc-cdn.net/3/C2M5BawYLpeLp6aucL5EM?bo=EhgaABoAMgF9OgEEQgYIrdil9QVIAlASYAE%3D&uc=18,9FlqQrCGxHpWoPqCEekp3g,6F8625E0995A3B457348E5169616526B,lens_icon,Lenses,1625718289537,0,0,"b'\x18\x96( \x96(*\x16xiD_ggafXi4di076hsp8Uw:\x04wwanB\x81\x01AppStateChangeEvent(appState=FOREGROUND, stateChangeTimestamp=NetworkTimeStamp(elapsedMillis=209837327, utcMillis=1625718288295))H\x00'"
3210,lens_icon.lens_icon-https://bolt-gcdn.sc-cdn.net/3/qZMiiMG5gJPyBV6WFeooe?bo=EhgaABoAMgF9OgEEQgYI1cHK8AVIAlASYAE%3D&uc=18,MhlLgK2StSY65IB5vjSPTA,EF55C5C5ECF09CCDA936A0ED22CBE0FB,lens_icon,Lenses,1625718289633,0,0,"b'\x18\x8ca \x8ca*\x16xiD_ggafXi4di076hsp8Uw:\x04wwanB\x81\x01AppStateChangeEvent(appState=FOREGROUND, stateChangeTimestamp=NetworkTimeStamp(elapsedMillis=209837327, utcMillis=1625718288295))H\x00'"
3211,lens_icon.lens_icon-https://bolt-gcdn.sc-cdn.net/3/HA87OWx4JXVGqKa8UsjnE?bo=EhgaABoAMgF9OgEEQgYImfPM8wVIAlASYAE%3D&uc=18,HMWVxe_kyDA7he0HhK5lpA,8DC1F44F6AA41F92B36BF5C4052FF5A3,lens_icon,Lenses,1625718289744,0,0,"b'\x18\x96J \x96J*\x16xiD_ggafXi4di076hsp8Uw:\x04wwanB\x81\x01AppStateChangeEvent(appState=FOREGROUND, stateChangeTimestamp=NetworkTimeStamp(elapsedMillis=209837327, utcMillis=1625718288295))H\x00'"
3212,lens_icon.lens_icon-https://bolt-gcdn.sc-cdn.net/3/mROL0cRRJjXhPohSRFG8H?bo=EhgaABoAMgF9OgEEQgYI6fXP8AVIAlASYAE%3D&uc=18,aEtDsz52o2IT_sDYOjezow,675C014BEA8CC4EB072534BBE3350368,lens_icon,Lenses,1625718289847,0,0,"b'\x18\x88K \x88K*\x16xiD_ggafXi4di076hsp8Uw:\x04wwanB\x81\x01AppStateChangeEvent(appState=FOREGROUND, stateChangeTimestamp=NetworkTimeStamp(elapsedMillis=209837327, utcMillis=1625718288295))H\x00'"
3213,lens_icon.lens_icon-https://bolt-gcdn.sc-cdn.net/3/PLlkBfnMgg43QWjV86B3z?bo=EhgaABoAMgF9OgEEQgYItZbDhgZIAlASYAE%3D&uc=18,G5vAC-6-Eq-sF-8BI1PxdQ,B78D696E25119BB7A323A35CBCE9E533,lens_icon,Lenses,1625718289929,0,0,"b'\x18\xdc8 \xdc8*\x16xiD_ggafXi4di076hsp8Uw:\x04wwanB\x81\x01AppStateChangeEvent(appState=FOREGROUND, stateChangeTimestamp=NetworkTimeStamp(elapsedMillis=209837327, utcMillis=1625718288295))H\x00'"
3214,lens_icon.lens_icon-https://bolt-gcdn.sc-cdn.net/3/tuQTvIhILNUaXNHOU7t8G?bo=EhgaABoAMgF9OgEEQgYI_Y2SggZIAlASYAE%3D&uc=18,nwdI-Fi7afsgTWrebzoTTw,A34FA5CD80D09C7E046E9153E2A5970A,lens_icon,Lenses,1625718290141,0,0,"b'\x18\xc8; \xc8;*\x16xiD_ggafXi4di076hsp8Uw:\x04wwanB\x81\x01AppStateChangeEvent(appState=FOREGROUND, stateChangeTimestamp=NetworkTimeStamp(elapsedMillis=209837327, utcMillis=1625718288295))H\x00'"
3215,lens_icon.lens_icon-https://bolt-gcdn.sc-cdn.net/3/W9rt3q4rxKIvSRaIAF7P4?bo=EhgaABoAMgF9OgEEQgYI4aG58AVIAlASYAE%3D&uc=18,HIvb3XW5IASo44dIRqp8hQ,FA19FCC7796582F43BEB9AE3A38A8B81,lens_icon,Lenses,1625718290256,0,0,"b'\x18\xfc\x1d \xfc\x1d*\x16xiD_ggafXi4di076hsp8Uw:\x04wwanB\x81\x01AppStateChangeEvent(appState=FOREGROUND, stateChangeTimestamp=NetworkTimeStamp(elapsedMillis=209837327, utcMillis=1625718288295))H\x00'"
3216,lens_icon.lens_icon-https://bolt-gcdn.sc-cdn.net/3/1jyFVTm2at1TI3rI9gk8i?bo=EhgaABoAMgF9OgEEQgYIqsDP8AVIAlASYAE%3D&uc=18,5XUOPF6-y4R5skfPMFBaAg,1ED3DEF0D70F5500A466DCFD149A2C78,lens_icon,Lenses,1625718290374,0,0,"b'\x18\xa6\x1a \xa6\x1a*\x16xiD_ggafXi4di076hsp8Uw:\x04wwanB\x81\x01AppStateChangeEvent(appState=FOREGROUND, stateChangeTimestamp=NetworkTimeStamp(elapsedMillis=209837327, utcMillis=1625718288295))H\x00'"
3217,lens_icon.lens_icon-https://bolt-gcdn.sc-cdn.net/3/SjpPrTgDYMwyYjAMihDbT?bo=EhgaABoAMgF9OgEEQgYI-teA9QVIAlASYAE%3D&uc=18,A3fRMtUHSZQCrBXsTl74Kw,3D57C0486C5752725BF18F777144E44C,lens_icon,Lenses,1625718290461,0,0,"b'\x18\xbc: \xbc:*\x16xiD_ggafXi4di076hsp8Uw:\x04wwanB\x81\x01AppStateChangeEvent(appState=FOREGROUND, stateChangeTimestamp=NetworkTimeStamp(elapsedMillis=209837327, utcMillis=1625718288295))H\x00'"
3218,lens_icon.lens_icon-https://bolt-gcdn.sc-cdn.net/3/OLbTkS9JwjQYouTYoby7A?bo=EhgaABoAMgF9OgEEQgYI4LPP8AVIAlASYAE%3D&uc=18,3sO1fvLM1C5wddOeAkKvng,E52F4D38DA35A454B727BC6169847FAF,lens_icon,Lenses,1625718290558,0,0,"b'\x18\xb6p \xb6p*\x16xiD_ggafXi4di076hsp8Uw:\x04wwanB\x81\x01AppStateChangeEvent(appState=FOREGROUND, stateChangeTimestamp=NetworkTimeStamp(elapsedMillis=209837327, utcMillis=1625718288295))H\x00'"
3219,lens_icon.lens_icon-https://bolt-gcdn.sc-cdn.net/3/bJJ5f5t88rR1kwGYqU1fc?bo=EhgaABoAMgF9OgEEQgYIkM_LgAZIAlASYAE%3D&uc=18,YxJ20Rglc4I2ZiWVnqUz3Q,EB935DB4AAC7EA7614B9218B8865078F,lens_icon,Lenses,1625718290674,0,0,"b'\x18\x80B \x80B*\x16xiD_ggafXi4di076hsp8Uw:\x04wwanB\x81\x01AppStateChangeEvent(appState=FOREGROUND, stateChangeTimestamp=NetworkTimeStamp(elapsedMillis=209837327, utcMillis=1625718288295))H\x00'"
3220,lens_icon.lens_icon-https://bolt-gcdn.sc-cdn.net/3/fct8NzzHPNckmPjHmO5RJ?bo=EhgaABoAMgF9OgEEQgYI6OT4_wVIAlASYAE%3D&uc=18,WZQr--fSayAI48SosdIcbQ,E77875EE478E22A128FAAC8EC8BC2F6E,lens_icon,Lenses,1625718290782,0,0,"b'\x18\x86: \x86:*\x16xiD_ggafXi4di076hsp8Uw:\x04wwanB\x81\x01AppStateChangeEvent(appState=FOREGROUND, stateChangeTimestamp=NetworkTimeStamp(elapsedMillis=209837327, utcMillis=1625718288295))H\x00'"
3221,lens_icon.lens_icon-https://bolt-gcdn.sc-cdn.net/3/llWP5mU1aX4r7tr4g0fmZ?bo=EhgaABoAMgF9OgEEQgYI09DK8QVIAlASYAE%3D&uc=18,aTUa460hu_ePNfcJfIjz7w,264D5BF6A4E2853D29C83AA232629CC2,lens_icon,Lenses,1625718290919,0,0,"b'\x18\xccN \xccN*\x16xiD_ggafXi4di076hsp8Uw:\x04wwanB\x81\x01AppStateChangeEvent(appState=FOREGROUND, stateChangeTimestamp=NetworkTimeStamp(elapsedMillis=209837327, utcMillis=1625718288295))H\x00'"
3222,lens_icon.lens_icon-https://bolt-gcdn.sc-cdn.net/3/UwEaZSUc028mpVFiL6pJn?bo=EhgaABoAMgF9OgEEQgYI2IPd_gVIAlASYAE%3D&uc=18,kaOa62aVEL0JBd73wVNJoQ,CED75C5D064C84C19B14F118ED6BCF3F,lens_icon,Lenses,1625718291003,0,0,"b'\x18\xceB \xceB*\x16xiD_ggafXi4di076hsp8Uw:\x04wwanB\x81\x01AppStateChangeEvent(appState=FOREGROUND, stateChangeTimestamp=NetworkTimeStamp(elapsedMillis=209837327, utcMillis=1625718288295))H\x00'"
3223,lens_icon.lens_icon-https://bolt-gcdn.sc-cdn.net/3/YlZzRIJ9mTpTLKaqmAj3N?bo=EhgaABoAMgF9OgEEQgYI9_OA_AVIAlASYAE%3D&uc=18,8Z4YgqMBvyKzH9p1nhG9iQ,E4B6D1EAF65B2D48A9E3BDE0409554B9,lens_icon,Lenses,1625718291143,0,0,"b'\x18\xd8e \xd8e*\x16xiD_ggafXi4di076hsp8Uw:\x04wwanB\x81\x01AppStateChangeEvent(appState=FOREGROUND, stateChangeTimestamp=NetworkTimeStamp(elapsedMillis=209837327, utcMillis=1625718288295))H\x00'"
3224,lens_icon.lens_icon-https://bolt-gcdn.sc-cdn.net/3/08bTi4pHClHdejfrb6S3k?bo=EhgaABoAMgF9OgEEQgYIuofQ8AVIAlASYAE%3D&uc=18,X_5GLWEOPo0udMXpMJS4TA,2D9D6B59351DD3974D32D5D88DE06FA2,lens_icon,Lenses,1625718291268,0,0,"b'\x18\xaaC \xaaC*\x16xiD_ggafXi4di076hsp8Uw:\x04wwanB\x81\x01AppStateChangeEvent(appState=FOREGROUND, stateChangeTimestamp=NetworkTimeStamp(elapsedMillis=209837327, utcMillis=1625718288295))H\x00'"
3225,lens_icon.lens_icon-https://bolt-gcdn.sc-cdn.net/3/Sat4I2MTGRtEOQFPYiM9T?bo=EhgaABoAMgF9OgEEQgYI0sLW9AVIAlASYAE%3D&uc=18,EKFthKulG5_lEreguEKv6g,3631A5EE5F213330B6F472D48D817DCF,lens_icon,Lenses,1625718291442,0,0,"b'\x18\x92Y \x92Y*\x16xiD_ggafXi4di076hsp8Uw:\x04wwanB\x81\x01AppStateChangeEvent(appState=BACKGROUND, stateChangeTimestamp=NetworkTimeStamp(elapsedMillis=209840459, utcMillis=1625718291426))H\x00'"
3226,lens_icon.lens_icon-https://bolt-gcdn.sc-cdn.net/3/VCheuVAV7hqslzyzfKfwW?bo=EhgaABoAMgF9OgEEQgYI-Zyn8QVIAlASYAE%3D&uc=18,yXOaBilrfBWXC1va5G8Z-w,23F2C8C2E040E9C0F2D92C8218342CC3,lens_icon,Lenses,1625718291544,0,0,"b'\x18\x9cM \x9cM*\x16xiD_ggafXi4di076hsp8Uw:\x04wwanB\x81\x01AppStateChangeEvent(appState=BACKGROUND, stateChangeTimestamp=NetworkTimeStamp(elapsedMillis=209840459, utcMillis=1625718291426))H\x00'"
3227,lens_icon.lens_icon-https://bolt-gcdn.sc-cdn.net/3/BaWxYnO6m2ggaSeEiJVmo?bo=EhgaABoAMgF9OgEEQgYI1vCg9QVIAlASYAE%3D&uc=18,S6CstVVzSrF5QTt5H7bBlQ,FF29A0E05494DD41FF3A2F09E2FFF04B,lens_icon,Lenses,1625718291643,0,0,"b'\x18\xca5 \xca5*\x16xiD_ggafXi4di076hsp8Uw:\x04wwanB\x81\x01AppStateChangeEvent(appState=BACKGROUND, stateChangeTimestamp=NetworkTimeStamp(elapsedMillis=209840459, utcMillis=1625718291426))H\x00'"
3228,lens_icon.lens_icon-https://bolt-gcdn.sc-cdn.net/3/c8EVlWkw6MM1CZDDZZ9zY?bo=EhgaABoAMgF9OgEEQgYIz9ze-gVIAlASYAE%3D&uc=18,KUKobI2W-uGuOkklIdCubg,0C65849DD3A2B7E094FD46233965A96A,lens_icon,Lenses,1625718291778,0,0,"b'\x18\xba> \xba>*\x16xiD_ggafXi4di076hsp8Uw:\x04wwanB\x81\x01AppStateChangeEvent(appState=BACKGROUND, stateChangeTimestamp=NetworkTimeStamp(elapsedMillis=209840459, utcMillis=1625718291426))H\x00'"
3229,lens_icon.lens_icon-https://bolt-gcdn.sc-cdn.net/3/qPbVyGHBbtXd5oEDlRIWi?bo=EhgaABoAMgF9OgEEQgYI656e9wVIAlASYAE%3D&uc=18,n9jmMhT6nrptoOdjSNi4kA,CC39941352CB2E661CB91C3B547870FB,lens_icon,Lenses,1625718291901,0,0,"b'\x18\xdav \xdav*\x16xiD_ggafXi4di076hsp8Uw:\x04wwanB\x81\x01AppStateChangeEvent(appState=BACKGROUND, stateChangeTimestamp=NetworkTimeStamp(elapsedMillis=209840459, utcMillis=1625718291426))H\x00'"
3230,lens_icon.lens_icon-https://bolt-gcdn.sc-cdn.net/3/uDSZ35c9eodTEzSrbfs8g?bo=EhgaABoAMgF9OgEEQgYI5qCC-wVIAlASYAE%3D&uc=18,UW-xgGAQTAruaGgfuftjfQ,D24C735A2A403F4BB446C12DD8AD01BC,lens_icon,Lenses,1625718292008,0,0,"b'\x18\xc2D \xc2D*\x16xiD_ggafXi4di076hsp8Uw:\x04wwanB\x81\x01AppStateChangeEvent(appState=BACKGROUND, stateChangeTimestamp=NetworkTimeStamp(elapsedMillis=209840459, utcMillis=1625718291426))H\x00'"
3231,lens_icon.lens_icon-https://bolt-gcdn.sc-cdn.net/3/MEwyVqgDXgnv6EK218Lcw?bo=EhgaABoAMgF9OgEEQgYIr9HV8AVIAlASYAE%3D&uc=18,2CqLp2_GzxPJW3Fs2IR-FQ,71ED6E91AA757FD5E25CE72427676879,lens_icon,Lenses,1625718292116,0,0,"b'\x18\xc0< \xc0<*\x16xiD_ggafXi4di076hsp8Uw:\x04wwanB\x81\x01AppStateChangeEvent(appState=BACKGROUND, stateChangeTimestamp=NetworkTimeStamp(elapsedMillis=209840459, utcMillis=1625718291426))H\x00'"
3232,lens_icon.lens_icon-https://bolt-gcdn.sc-cdn.net/3/M7HIUx9zGZDTxwRGLgrIr?bo=EhgaABoAMgF9OgEEQgYIrurpgAZIAlASYAE%3D&uc=18,ILZuDgpo-XoyD9NofgwMpg,56C8A35EEE63F940123951AB53F80053,lens_icon,Lenses,1625718292345,0,0,"b'\x18\x8eL \x8eL*\x16xiD_ggafXi4di076hsp8Uw:\x04wwanB\x81\x01AppStateChangeEvent(appState=BACKGROUND, stateChangeTimestamp=NetworkTimeStamp(elapsedMillis=209840459, utcMillis=1625718291426))H\x00'"
3233,lens_icon.lens_icon-https://bolt-gcdn.sc-cdn.net/3/jyUTWqmDg3DUQjSZbSojk?bo=EhgaABoAMgF9OgEEQgYIypmg_AVIAlASYAE%3D&uc=18,TfR4e_9qTFrqzpq0dlxNzA,4DA5714C5553FC542C0DC9467FED01AF,lens_icon,Lenses,1625718292434,0,0,"b'\x18\xccH \xccH*\x16xiD_ggafXi4di076hsp8Uw:\x04wwanB\x81\x01AppStateChangeEvent(appState=BACKGROUND, stateChangeTimestamp=NetworkTimeStamp(elapsedMillis=209840459, utcMillis=1625718291426))H\x00'"
3234,lens_icon.lens_icon-https://bolt-gcdn.sc-cdn.net/3/DCNf8Pz3PvoJuWYxiZ3Gv?bo=EhgaABoAMgF9OgEEQgYIrory8AVIAlASYAE%3D&uc=18,FNlapYIWXHwtI5fdDY1pfQ,9B188C5BA08AE7C50AAA3BF2AD947E80,lens_icon,Lenses,1625718292554,0,0,"b'\x18\x84C \x84C*\x16xiD_ggafXi4di076hsp8Uw:\x04wwanB\x81\x01AppStateChangeEvent(appState=BACKGROUND, stateChangeTimestamp=NetworkTimeStamp(elapsedMillis=209840459, utcMillis=1625718291426))H\x00'"
3235,lens_icon.lens_icon-https://bolt-gcdn.sc-cdn.net/3/ks451uPMk5M2Wa2a6DGBm?bo=EhgaABoAMgF9OgEEQgYI3fuA9QVIAlASYAE%3D&uc=18,zWPgn4abUddmWpEojXWO0A,74D95E471E6C4F7DB4E02BFEC908B93C,lens_icon,Lenses,1625718292668,0,0,"b'\x18\x94I \x94I*\x16xiD_ggafXi4di076hsp8Uw:\x04wwanB\x81\x01AppStateChangeEvent(appState=BACKGROUND, stateChangeTimestamp=NetworkTimeStamp(elapsedMillis=209840459, utcMillis=1625718291426))H\x00'"
3236,lens_icon.lens_icon-https://bolt-gcdn.sc-cdn.net/3/EuwWC6pIfkBlYHOTz3oyS?bo=EhgaABoAMgF9OgEEQgYIhISn-QVIAlASYAE%3D&uc=18,OduiJCzuw4GMsb1ceHKTig,2D9971E09BFDC3461E6B3B320DFD4BE0,lens_icon,Lenses,1625718293021,0,0,"b'\x18\x92Q \x92Q*\x16xiD_ggafXi4di076hsp8Uw:\x04wwanB\x81\x01AppStateChangeEvent(appState=BACKGROUND, stateChangeTimestamp=NetworkTimeStamp(elapsedMillis=209840459, utcMillis=1625718291426))H\x00'"
3237,lens_icon.lens_icon-https://bolt-gcdn.sc-cdn.net/3/GufdUtusdxq7GZTaKBdHw?bo=EhgaABoAMgF9OgEEQgYIvZvj-AVIAlASYAE%3D&uc=18,f7P4cw8zMUzP_8ulyK7pLw,DC02DBF5900DB578C53F35B5053D538F,lens_icon,Lenses,1625718293146,0,0,"b'\x18\xfc) \xfc)*\x16xiD_ggafXi4di076hsp8Uw:\x04wwanB\x81\x01AppStateChangeEvent(appState=BACKGROUND, stateChangeTimestamp=NetworkTimeStamp(elapsedMillis=209840459, utcMillis=1625718291426))H\x00'"
3238,lens_icon.lens_icon-https://bolt-gcdn.sc-cdn.net/3/mUhDq8OEL2eMdFM7ZnJ0e?bo=EhgaABoAMgF9OgEEQgYI8K3F-QVIAlASYAE%3D&uc=18,vX37FvR789hvqGCDIheakA,FC379A60E28FAE73C6DCB4C4D76A6D56,lens_icon,Lenses,1625718293435,0,0,"b'\x18\x86V \x86V*\x16xiD_ggafXi4di076hsp8Uw:\x04wwanB\x81\x01AppStateChangeEvent(appState=BACKGROUND, stateChangeTimestamp=NetworkTimeStamp(elapsedMillis=209840459, utcMillis=1625718291426))H\x00'"
3239,lens_icon.lens_icon-https://bolt-gcdn.sc-cdn.net/3/gsJ0M5raCKyHaYhQD8MTc?bo=EhgaABoAMgF9OgEEQgYI-7irhgZIAlASYAE%3D&uc=18,scIMclmgCzSIoRGXejvW3Q,392640D61D6E94EDD8938D28177A0E87,lens_icon,Lenses,1625718293557,0,0,"b'\x18\xeaX \xeaX*\x16xiD_ggafXi4di076hsp8Uw:\x04wwanB\x81\x01AppStateChangeEvent(appState=BACKGROUND, stateChangeTimestamp=NetworkTimeStamp(elapsedMillis=209840459, utcMillis=1625718291426))H\x00'"
3240,lens_icon.lens_icon-https://bolt-gcdn.sc-cdn.net/3/bX6KluPurL2rNFCbVrdIk?bo=EhgaABoAMgF9OgEEQgYI4P7O8AVIAlASYAE%3D&uc=18,Uui593HQBotYUmHz64PbLg,B89DD11610555D3BA527349F2DFE8193,lens_icon,Lenses,1625718293764,0,0,"b'\x18\xc2= \xc2=*\x16xiD_ggafXi4di076hsp8Uw:\x04wwanB\x81\x01AppStateChangeEvent(appState=BACKGROUND, stateChangeTimestamp=NetworkTimeStamp(elapsedMillis=209840459, utcMillis=1625718291426))H\x00'"
3241,lens_icon.lens_icon-https://bolt-gcdn.sc-cdn.net/3/7oEyL52LpxWrPsLzEoJM5?bo=EhgaABoAMgF9OgEEQgYI7-OUhQZIAlASYAE%3D&uc=18,3lyp6LkjpP5jhMPTRyTmuQ,2338AD944BFC90ABA24F92C40E9C0E59,lens_icon,Lenses,1625718293917,0,0,"b'\x18\xaaD \xaaD*\x16xiD_ggafXi4di076hsp8Uw:\x04wwanB\x81\x01AppStateChangeEvent(appState=BACKGROUND, stateChangeTimestamp=NetworkTimeStamp(elapsedMillis=209840459, utcMillis=1625718291426))H\x00'"
3242,lens_icon.lens_icon-https://bolt-gcdn.sc-cdn.net/3/fioTQxIpJ1qtzUqOevLNC?bo=EhgaABoAMgF9OgEEQgYI6vHW9AVIAlASYAE%3D&uc=18,VJ56oi6whlSsuqDAxuRPlA,5800CB09F749DE2EA8B58DC3301629E9,lens_icon,Lenses,1625718294049,0,0,"b'\x18\xe0h \xe0h*\x16xiD_ggafXi4di076hsp8Uw:\x04wwanB\x81\x01AppStateChangeEvent(appState=BACKGROUND, stateChangeTimestamp=NetworkTimeStamp(elapsedMillis=209840459, utcMillis=1625718291426))H\x00'"
3243,lens_icon.lens_icon-https://bolt-gcdn.sc-cdn.net/3/8IwFwzTdbZWeoTwUZe1Lc?bo=EhgaABoAMgF9OgEEQgYI6Y_ZhQZIAlASYAE%3D&uc=18,TP3M-nZ_uhHBgs37HiQotQ,2781185160736811AF48FE28057F12AA,lens_icon,Lenses,1625718294182,0,0,"b'\x18\x98> \x98>*\x16xiD_ggafXi4di076hsp8Uw:\x04wwanB\x81\x01AppStateChangeEvent(appState=BACKGROUND, stateChangeTimestamp=NetworkTimeStamp(elapsedMillis=209840459, utcMillis=1625718291426))H\x00'"
3244,lens_icon.lens_icon-https://bolt-gcdn.sc-cdn.net/3/Rhv5XmjfqHeL4eWcRqBn6?bo=EhgaABoAMgF9OgEEQgYIjpzM8AVIAlASYAE%3D&uc=18,-DvUZRf_0QqDc3yNvk2crA,1D16C8923798C4380CC8B70562C8D602,lens_icon,Lenses,1625718294325,0,0,"b'\x18\xa4O \xa4O*\x16xiD_ggafXi4di076hsp8Uw:\x04wwanB\x81\x01AppStateChangeEvent(appState=BACKGROUND, stateChangeTimestamp=NetworkTimeStamp(elapsedMillis=209840459, utcMillis=1625718291426))H\x00'"
3245,lens_icon.lens_icon-https://bolt-gcdn.sc-cdn.net/3/ZKru9r9WHDauXGi1k6mA7?bo=EhgaABoAMgF9OgEEQgYI3abP8AVIAlASYAE%3D&uc=18,Y0WU_N643RPeedD-_CHWdQ,743DAAEDCEC065B8FEA173934C069024,lens_icon,Lenses,1625718294441,0,0,"b'\x18\xec} \xec}*\x16xiD_ggafXi4di076hsp8Uw:\x04wwanB\x81\x01AppStateChangeEvent(appState=BACKGROUND, stateChangeTimestamp=NetworkTimeStamp(elapsedMillis=209840459, utcMillis=1625718291426))H\x00'"
3246,lens_icon.lens_icon-https://bolt-gcdn.sc-cdn.net/3/9wh0MSsTNcwf43XJhLnuK?bo=EhgaABoAMgF9OgEEQgYI-I_UggZIAlASYAE%3D&uc=18,abyhPzPJ-aFlyaSsqbKnTg,0B10DA1B383D999CE0D0B965148D060E,lens_icon,Lenses,1625718294551,0,0,"b'\x18\xdeX \xdeX*\x16xiD_ggafXi4di076hsp8Uw:\x04wwanB\x81\x01AppStateChangeEvent(appState=BACKGROUND, stateChangeTimestamp=NetworkTimeStamp(elapsedMillis=209840459, utcMillis=1625718291426))H\x00'"
3247,lens_icon.lens_icon-https://bolt-gcdn.sc-cdn.net/3/MpJ3q7XtQh7lqrxxjoY4m?bo=EhgaABoAMgF9OgEEQgYI-J6d8QVIAlASYAE%3D&uc=18,53H_8u6vF_LqL8WR2X_KlQ,534B11E8428CBF77FC06B5C2BDB40CB2,lens_icon,Lenses,1625718294673,0,0,"b'\x18\xbe5 \xbe5*\x16xiD_ggafXi4di076hsp8Uw:\x04wwanB\x81\x01AppStateChangeEvent(appState=BACKGROUND, stateChangeTimestamp=NetworkTimeStamp(elapsedMillis=209840459, utcMillis=1625718291426))H\x00'"
3248,lens_icon.lens_icon-https://bolt-gcdn.sc-cdn.net/3/w4YE5zGMN4B1hUIrNvy6s?bo=EhgaABoAMgF9OgEEQgYIve_y8AVIAlASYAE%3D&uc=18,QWykV6NmFF2NS9rMxvUiqw,078F602350E28BC639AEFB91C917CE3C,lens_icon,Lenses,1625718294791,0,0,"b'\x18\xccT \xccT*\x16xiD_ggafXi4di076hsp8Uw:\x04wwanB\x81\x01AppStateChangeEvent(appState=BACKGROUND, stateChangeTimestamp=NetworkTimeStamp(elapsedMillis=209840459, utcMillis=1625718291426))H\x00'"
3249,lens_icon.lens_icon-https://bolt-gcdn.sc-cdn.net/3/1JbidSi3KUzPEA4aq8rCt?bo=EhgaABoAMgF9OgEEQgYI-6jJgQZIAlASYAE%3D&uc=18,ikHY0iBhkAZ3mvs4i6SlTQ,658484CE864C01DA76539E046B608A83,lens_icon,Lenses,1625718294922,0,0,"b'\x18\xd4J \xd4J*\x16xiD_ggafXi4di076hsp8Uw:\x04wwanB\x81\x01AppStateChangeEvent(appState=BACKGROUND, stateChangeTimestamp=NetworkTimeStamp(elapsedMillis=209840459, utcMillis=1625718291426))H\x00'"
3250,lens_icon.lens_icon-https://bolt-gcdn.sc-cdn.net/3/WdHZqNXOXRNWJCZHNP286?bo=EhgaABoAMgF9OgEEQgYImb3RhAZIAlASYAE%3D&uc=18,d-oAwoLqVkRPW5EcCLMpiw,63BD704D549F2B5C15775C22821F1B10,lens_icon,Lenses,1625718295047,0,0,"b'\x18\xe6l \xe6l*\x16xiD_ggafXi4di076hsp8Uw:\x04wwanB\x81\x01AppStateChangeEvent(appState=BACKGROUND, stateChangeTimestamp=NetworkTimeStamp(elapsedMillis=209840459, utcMillis=1625718291426))H\x00'"
3251,lens_icon.lens_icon-https://bolt-gcdn.sc-cdn.net/3/nZKiuwT3m7kSqigDYRYfV?bo=EhgaABoAMgF9OgEEQgYIy8v_-AVIAlASYAE%3D&uc=18,CCfC9COkF3gPjV3D5J9R_w,027A7D973215B6100881A072D6E83C73,lens_icon,Lenses,1625718295173,0,0,"b'\x18\xcaR \xcaR*\x16xiD_ggafXi4di076hsp8Uw:\x04wwanB\x81\x01AppStateChangeEvent(appState=BACKGROUND, stateChangeTimestamp=NetworkTimeStamp(elapsedMillis=209840459, utcMillis=1625718291426))H\x00'"
3252,lens_icon.lens_icon-https://bolt-gcdn.sc-cdn.net/3/Sl3pRbBhBSe4cHElzPLPr?bo=EhgaABoAMgF9OgEEQgYIueDagwZIAlASYAE%3D&uc=18,l9AiZ_0ABL2oikdMZRDUJg,D7DB8E40E95144C67FB0D61269B4F04E,lens_icon,Lenses,1625718295286,0,0,"b'\x18\x8a\x94\x01 \x8a\x94\x01*\x16xiD_ggafXi4di076hsp8Uw:\x04wwanB\x81\x01AppStateChangeEvent(appState=BACKGROUND, stateChangeTimestamp=NetworkTimeStamp(elapsedMillis=209840459, utcMillis=1625718291426))H\x00'"
3253,lens_icon.lens_icon-https://bolt-gcdn.sc-cdn.net/3/vOUHQIq83ro6wBM9BtYDR?bo=EhgaABoAMgF9OgEEQgYI2Jyn8QVIAlASYAE%3D&uc=18,GwLJIxMQvV0biKsA54tk9w,ED4E1691D754D5C16D76A07AA35D1ECD,lens_icon,Lenses,1625718295391,0,0,"b'\x18\xbcB \xbcB*\x16xiD_ggafXi4di076hsp8Uw:\x04wwanB\x81\x01AppStateChangeEvent(appState=BACKGROUND, stateChangeTimestamp=NetworkTimeStamp(elapsedMillis=209840459, utcMillis=1625718291426))H\x00'"
3254,lens_icon.lens_icon-https://bolt-gcdn.sc-cdn.net/3/gPn3GKHcpN8BT5kHcz6ac?bo=EhgaABoAMgF9OgEEQgYIs-77gQZIAlASYAE%3D&uc=18,8niEK5UQtIVaJGMBlQd3sg,32A6E46ED4161389F8FF191CEFFD30D7,lens_icon,Lenses,1625718295533,0,0,"b'\x18\xb65 \xb65*\x16xiD_ggafXi4di076hsp8Uw:\x04wwanB\x81\x01AppStateChangeEvent(appState=BACKGROUND, stateChangeTimestamp=NetworkTimeStamp(elapsedMillis=209840459, utcMillis=1625718291426))H\x00'"
3255,lens_icon.lens_icon-https://bolt-gcdn.sc-cdn.net/3/ykrKxRCvYxIYsHJ7v8ztv?bo=EhgaABoAMgF9OgEEQgYI2aqy9AVIAlASYAE%3D&uc=18,852Uz9hJ4zXp1sMro23C-g,BDA652834A15FA9645E6D6995FF334DE,lens_icon,Lenses,1625718295646,0,0,"b'\x18\x9c9 \x9c9*\x16xiD_ggafXi4di076hsp8Uw:\x04wwanB\x81\x01AppStateChangeEvent(appState=BACKGROUND, stateChangeTimestamp=NetworkTimeStamp(elapsedMillis=209840459, utcMillis=1625718291426))H\x00'"
3256,lens_icon.lens_icon-https://bolt-gcdn.sc-cdn.net/3/AUTDHkfWx7umVtT3WlN0Q?bo=EhgaABoAMgF9OgEEQgYI8evP8AVIAlASYAE%3D&uc=18,jyS7KQnT2no2LxE1DMLAJg,C501863F677CFF5C6AA2F2655851CD0B,lens_icon,Lenses,1625718295751,0,0,"b'\x18\x8a( \x8a(*\x16xiD_ggafXi4di076hsp8Uw:\x04wwanB\x81\x01AppStateChangeEvent(appState=BACKGROUND, stateChangeTimestamp=NetworkTimeStamp(elapsedMillis=209840459, utcMillis=1625718291426))H\x00'"
3257,lens_icon.lens_icon-https://bolt-gcdn.sc-cdn.net/3/h0lgs8ebj88wvR3UzXS2Q?bo=EhgaABoAMgF9OgEEQgYIxKvk8gVIAlASYAE%3D&uc=18,WTsd32-Xid8uqjwWWvOY0w,8B63B43BB7E35B414A0E9435B18AF50F,lens_icon,Lenses,1625718295890,0,0,"b'\x18\xeew \xeew*\x16xiD_ggafXi4di076hsp8Uw:\x04wwanB\x81\x01AppStateChangeEvent(appState=BACKGROUND, stateChangeTimestamp=NetworkTimeStamp(elapsedMillis=209840459, utcMillis=1625718291426))H\x00'"
3258,lens_icon.lens_icon-https://bolt-gcdn.sc-cdn.net/3/obgxLE5M2ANT93dh4UJma?bo=EhgaABoAMgF9OgEEQgYIgvbx8AVIAlASYAE%3D&uc=18,nMRzLm12TiE1edavXu42vg,7E445269B39AB98B75C0E1F9BC213472,lens_icon,Lenses,1625718296011,0,0,"b'\x18\xa6\x1d \xa6\x1d*\x16xiD_ggafXi4di076hsp8Uw:\x04wwanB\x81\x01AppStateChangeEvent(appState=BACKGROUND, stateChangeTimestamp=NetworkTimeStamp(elapsedMillis=209840459, utcMillis=1625718291426))H\x00'"
3259,lens_icon.lens_icon-https://bolt-gcdn.sc-cdn.net/3/sx2RPzw62UC8jMrLJpxiF?bo=EhgaABoAMgF9OgEEQgYI4Mzw_QVIAlASYAE%3D&uc=18,iUoPJ_mUHCN2n5mldDpp0g,C48BD70FD08663D10EF4073110D0BD6E,lens_icon,Lenses,1625718296118,0,0,"b'\x18\x82P \x82P*\x16xiD_ggafXi4di076hsp8Uw:\x04wwanB\x81\x01AppStateChangeEvent(appState=BACKGROUND, stateChangeTimestamp=NetworkTimeStamp(elapsedMillis=209840459, utcMillis=1625718291426))H\x00'"
3260,lens_icon.lens_icon-https://bolt-gcdn.sc-cdn.net/3/ZJeW6G9pXYfLaUks7E7xz?bo=EhgaABoAMgF9OgEEQgYImKO4gwZIAlASYAE%3D&uc=18,Bs67PUba3CKxu_CPVepYfQ,BC4727BCE45B8C1452BC39E4CB5B6CA2,lens_icon,Lenses,1625718296232,0,0,"b'\x18\x92B \x92B*\x16xiD_ggafXi4di076hsp8Uw:\x04wwanB\x81\x01AppStateChangeEvent(appState=BACKGROUND, stateChangeTimestamp=NetworkTimeStamp(elapsedMillis=209840459, utcMillis=1625718291426))H\x00'"
3261,lens_icon.lens_icon-https://bolt-gcdn.sc-cdn.net/3/S4CGgPUsyRkPZNBZsWA1b?bo=EhgaABoAMgF9OgEEQgYI-__x8AVIAlASYAE%3D&uc=18,RMR6988XSSkQC1ZRwKyuRw,D9ED94365BEE53AD7929172D5E5E7CEA,lens_icon,Lenses,1625718296338,0,0,"b'\x18\xe0D \xe0D*\x16xiD_ggafXi4di076hsp8Uw:\x04wwanB\x81\x01AppStateChangeEvent(appState=BACKGROUND, stateChangeTimestamp=NetworkTimeStamp(elapsedMillis=209840459, utcMillis=1625718291426))H\x00'"
3262,lens_icon.lens_icon-https://bolt-gcdn.sc-cdn.net/3/jnemvTYoyiEa7660VpjB8?bo=EhgaABoAMgF9OgEEQgYIsYn08gVIAlASYAE%3D&uc=18,zzCiCoLN6MdKj4TJ1lM8pQ,3B08CA56734D2B821D9FFA894050AE8B,lens_icon,Lenses,1625718296441,0,0,"b'\x18\xb0Q \xb0Q*\x16xiD_ggafXi4di076hsp8Uw:\x04wwanB\x81\x01AppStateChangeEvent(appState=BACKGROUND, stateChangeTimestamp=NetworkTimeStamp(elapsedMillis=209840459, utcMillis=1625718291426))H\x00'"
3263,lens_icon.lens_icon-https://bolt-gcdn.sc-cdn.net/3/YoFaP371p3EGgVszu75tE?bo=EhgaABoAMgF9OgEEQgYIxc_O8AVIAlASYAE%3D&uc=18,193fjURY7wCthrup030CCw,C0FFE19FF7B217E47EDBC4D03C90A799,lens_icon,Lenses,1625718296557,0,0,"b'\x18\xa8C \xa8C*\x16xiD_ggafXi4di076hsp8Uw:\x04wwanB\x81\x01AppStateChangeEvent(appState=BACKGROUND, stateChangeTimestamp=NetworkTimeStamp(elapsedMillis=209840459, utcMillis=1625718291426))H\x00'"
3264,lens_icon.lens_icon-https://bolt-gcdn.sc-cdn.net/3/fMVJdgvSZGebHTP0tci1E?bo=EhgaABoAMgF9OgEEQgYI0v2x_wVIAlASYAE%3D&uc=18,lpMig1JGIoE1XKKlfoLLQQ,7F99F7565CC01CCFDCEB28C02B88C74C,lens_icon,Lenses,1625718296679,0,0,"b'\x18\x8e\x91\x01 \x8e\x91\x01*\x16xiD_ggafXi4di076hsp8Uw:\x04wwanB\x81\x01AppStateChangeEvent(appState=BACKGROUND, stateChangeTimestamp=NetworkTimeStamp(elapsedMillis=209840459, utcMillis=1625718291426))H\x00'"
3265,lens_icon.lens_icon-https://bolt-gcdn.sc-cdn.net/3/RAjJ0WmKEsD64Zk9QmePV?bo=EhgaABoAMgF9OgEEQgYIyK-4_gVIAlASYAE%3D&uc=18,M-F7nlKGFRhhbYrOUYni-A,9B968D805236606E8D600B2327FCFEAD,lens_icon,Lenses,1625718296803,0,0,"b'\x18\x94X \x94X*\x16xiD_ggafXi4di076hsp8Uw:\x04wwanB\x81\x01AppStateChangeEvent(appState=BACKGROUND, stateChangeTimestamp=NetworkTimeStamp(elapsedMillis=209840459, utcMillis=1625718291426))H\x00'"
3266,lens_icon.lens_icon-https://bolt-gcdn.sc-cdn.net/3/Ey5mJaZaeVObjUFLoHBrq?bo=EhgaABoAMgF9OgEEQgYIg6zS8AVIAlASYAE%3D&uc=18,y3pgQxEMRGN5hhM7vviDnA,A6DC9CD215EF4565E88D6B093CA5CA51,lens_icon,Lenses,1625718296925,0,0,"b'\x18\xb64 \xb64*\x16xiD_ggafXi4di076hsp8Uw:\x04wwanB\x81\x01AppStateChangeEvent(appState=BACKGROUND, stateChangeTimestamp=NetworkTimeStamp(elapsedMillis=209840459, utcMillis=1625718291426))H\x00'"
3267,lens_icon.lens_icon-https://bolt-gcdn.sc-cdn.net/3/7jKRLmOQ1enTwMwm7rFYZ?bo=EhgaABoAMgF9OgEEQgYInrrV8AVIAlASYAE%3D&uc=18,RmLy0BFB9sf3PnTywbP_bA,327DACDE1EC9AD26EFA53CA1DD6865DC,lens_icon,Lenses,1625718297033,0,0,"b'\x18\xc4L \xc4L*\x16xiD_ggafXi4di076hsp8Uw:\x04wwanB\x81\x01AppStateChangeEvent(appState=BACKGROUND, stateChangeTimestamp=NetworkTimeStamp(elapsedMillis=209840459, utcMillis=1625718291426))H\x00'"
3268,lens_icon.lens_icon-https://bolt-gcdn.sc-cdn.net/3/qwXVCBUQTSfXRICT2Xnyf?bo=EhgaABoAMgF9OgEEQgYI0qXD8AVIAlASYAE%3D&uc=18,UAA0HPZj6KXjafn-19DSxw,B5DA048938A37B47A1D54BDC8BF8122B,lens_icon,Lenses,1625718297161,0,0,"b'\x18\xe2F \xe2F*\x16xiD_ggafXi4di076hsp8Uw:\x04wwanB\x81\x01AppStateChangeEvent(appState=BACKGROUND, stateChangeTimestamp=NetworkTimeStamp(elapsedMillis=209840459, utcMillis=1625718291426))H\x00'"
3269,lens_icon.lens_icon-https://bolt-gcdn.sc-cdn.net/3/XNSaj2Tfsxu7LjSq3mCBL?bo=EhgaABoAMgF9OgEEQgYI2fLPgAZIAlASYAE%3D&uc=18,lCNCQcPNHcgdEGPiaPEUyQ,3E07D1BAA8A94FC8EA18D6FF7665CA55,lens_icon,Lenses,1625718297284,0,0,"b'\x18\x8e? \x8e?*\x16xiD_ggafXi4di076hsp8Uw:\x04wwanB\x81\x01AppStateChangeEvent(appState=BACKGROUND, stateChangeTimestamp=NetworkTimeStamp(elapsedMillis=209840459, utcMillis=1625718291426))H\x00'"
3270,lens_icon.lens_icon-https://bolt-gcdn.sc-cdn.net/3/i3La7v5HpdsWsutTgiYrs?bo=EhgaABoAMgF9OgEEQgYIp_3QgwZIAlASYAE%3D&uc=18,BSwIl5-PayJKCEUvv7X6Fw,A7BE061415B5AEEF55CBC850D6D10B6E,lens_icon,Lenses,1625718297401,0,0,"b'\x18\x80Q \x80Q*\x16xiD_ggafXi4di076hsp8Uw:\x04wwanB\x81\x01AppStateChangeEvent(appState=BACKGROUND, stateChangeTimestamp=NetworkTimeStamp(elapsedMillis=209840459, utcMillis=1625718291426))H\x00'"
3271,lens_icon.lens_icon-https://bolt-gcdn.sc-cdn.net/3/6tQwjIcVeeByL1Mje6bTi?bo=EhgaABoAMgF9OgEEQgYI_Zfa9gVIAlASYAE%3D&uc=18,wUwFAj_MjLhEjpJ4KaVd-A,1D17B55C53D1F171727F51150A7ABAAD,lens_icon,Lenses,1625718297545,0,0,"b'\x18\xa8= \xa8=*\x16xiD_ggafXi4di076hsp8Uw:\x04wwanB\x81\x01AppStateChangeEvent(appState=BACKGROUND, stateChangeTimestamp=NetworkTimeStamp(elapsedMillis=209840459, utcMillis=1625718291426))H\x00'"
3272,lens_icon.lens_icon-https://bolt-gcdn.sc-cdn.net/3/3eus4JnC4YgaRnkCvwqUz?bo=EhgaABoAMgF9OgEEQgYI3aX7hAZIAlASYAE%3D&uc=18,kioGbXpI29ocYO5mePSFpQ,191A163323614BB0AE7078553FB8D420,lens_icon,Lenses,1625718297652,0,0,"b'\x18\xbaF \xbaF*\x16xiD_ggafXi4di076hsp8Uw:\x04wwanB\x81\x01AppStateChangeEvent(appState=BACKGROUND, stateChangeTimestamp=NetworkTimeStamp(elapsedMillis=209840459, utcMillis=1625718291426))H\x00'"
3273,lens_icon.lens_icon-https://bolt-gcdn.sc-cdn.net/3/dVcPxCoGbSapQeCx00oly?bo=EhgaABoAMgF9OgEEQgYI9dfG8AVIAlASYAE%3D&uc=18,G-MIlJ3q-ZegLXUnMg2R4g,A0092DB934F6D57CA93FA8ECB1F58821,lens_icon,Lenses,1625718297792,0,0,"b'\x18\xa4. \xa4.*\x16xiD_ggafXi4di076hsp8Uw:\x04wwanB\x81\x01AppStateChangeEvent(appState=BACKGROUND, stateChangeTimestamp=NetworkTimeStamp(elapsedMillis=209840459, utcMillis=1625718291426))H\x00'"
3274,lens_icon.lens_icon-https://bolt-gcdn.sc-cdn.net/3/ZZVmo3MtKkcSVGwyN5Nif?bo=EhgaABoAMgF9OgEEQgYIytndhAZIAlASYAE%3D&uc=18,7OORCrOKAXEM3AsMwZ1SzQ,EF7BDA1AA46F3AD4DB1B736E02DE27F5,lens_icon,Lenses,1625718297914,0,0,"b'\x18\xb66 \xb66*\x16xiD_ggafXi4di076hsp8Uw:\x04wwanB\x81\x01AppStateChangeEvent(appState=BACKGROUND, stateChangeTimestamp=NetworkTimeStamp(elapsedMillis=209840459, utcMillis=1625718291426))H\x00'"
3275,lens_icon.lens_icon-https://bolt-gcdn.sc-cdn.net/3/n2NKwVuWH5z9HX80fiW1A?bo=EhgaABoAMgF9OgEEQgYIiJy4_gVIAlASYAE%3D&uc=18,cJgxdHbOGE0minJzgcNx9Q,2176055F356CEE7406AB545B9872798A,lens_icon,Lenses,1625718298041,0,0,"b'\x18\xe0s \xe0s*\x16xiD_ggafXi4di076hsp8Uw:\x04wwanB\x81\x01AppStateChangeEvent(appState=BACKGROUND, stateChangeTimestamp=NetworkTimeStamp(elapsedMillis=209840459, utcMillis=1625718291426))H\x00'"
3276,lens_icon.lens_icon-https://bolt-gcdn.sc-cdn.net/3/9j7hGaN04ZrkRwscmLuNF?bo=EhgaABoAMgF9OgEEQgYIzN6nhAZIAlASYAE%3D&uc=18,oLsTEpU9a64aTazkW98mrw,604704DAB983BBA2FD9D3F610F73391A,lens_icon,Lenses,1625718298177,0,0,"b'\x18\xf6H \xf6H*\x16xiD_ggafXi4di076hsp8Uw:\x04wwanB\x81\x01AppStateChangeEvent(appState=BACKGROUND, stateChangeTimestamp=NetworkTimeStamp(elapsedMillis=209840459, utcMillis=1625718291426))H\x00'"
3277,lens_icon.lens_icon-https://bolt-gcdn.sc-cdn.net/3/FAOie15oUaYILpHMFSjqK?bo=EhgaABoAMgF9OgEEQgYIsYnd-wVIAlASYAE%3D&uc=18,bU-viWkZ9SITKGt28qbopQ,410B758B14E6C8233F3BC1461214025F,lens_icon,Lenses,1625718298313,0,0,"b'\x18\xf4f \xf4f*\x16xiD_ggafXi4di076hsp8Uw:\x04wwanB\x81\x01AppStateChangeEvent(appState=BACKGROUND, stateChangeTimestamp=NetworkTimeStamp(elapsedMillis=209840459, utcMillis=1625718291426))H\x00'"
3278,lens_icon.lens_icon-https://bolt-gcdn.sc-cdn.net/3/c8FajZ5NTHSsUxe1jNFNf?bo=EhgaABoAMgF9OgEEQgYIq7zq9QVIAlASYAE%3D&uc=18,j20a3CuylfwnZ5J9ZAHUsA,C046E9808EF5630A5767023FFFAEBAA1,lens_icon,Lenses,1625718298440,0,0,"b'\x18\xa4O \xa4O*\x16xiD_ggafXi4di076hsp8Uw:\x04wwanB\x81\x01AppStateChangeEvent(appState=BACKGROUND, stateChangeTimestamp=NetworkTimeStamp(elapsedMillis=209840459, utcMillis=1625718291426))H\x00'"
3279,lens_icon.lens_icon-https://bolt-gcdn.sc-cdn.net/3/j5WJWp0t57atAXmmakNnq?bo=EhgaABoAMgF9OgEEQgYImeO9_gVIAlASYAE%3D&uc=18,mAqCtkd8X0Xw-xRefbW36A,0C74165D1AEE73C5730584BD9ACCF1CE,lens_icon,Lenses,1625718298572,0,0,"b'\x18\xb2w \xb2w*\x16xiD_ggafXi4di076hsp8Uw:\x04wwanB\x81\x01AppStateChangeEvent(appState=BACKGROUND, stateChangeTimestamp=NetworkTimeStamp(elapsedMillis=209840459, utcMillis=1625718291426))H\x00'"
3280,lens_icon.lens_icon-https://bolt-gcdn.sc-cdn.net/3/KAn1tBkytiX13jbEGxRZB?bo=EhgaABoAMgF9OgEEQgYIubbR8QVIAlASYAE%3D&uc=18,71jG7qHvGe3KqqfASaz0-g,32071ADA5FC08DA331ABDCFC46E27185,lens_icon,Lenses,1625718298719,0,0,"b'\x18\xda2 \xda2*\x16xiD_ggafXi4di076hsp8Uw:\x04wwanB\x81\x01AppStateChangeEvent(appState=BACKGROUND, stateChangeTimestamp=NetworkTimeStamp(elapsedMillis=209840459, utcMillis=1625718291426))H\x00'"
3281,lens_icon.lens_icon-https://bolt-gcdn.sc-cdn.net/3/IXr8DeHXuKrw4gm1d82F5?bo=EhgaABoAMgF9OgEEQgYIzrjR8QVIAlASYAE%3D&uc=18,bA9PThf6Y0bYcxzp6Ju3uQ,D33A0A3D36D2F59013FF05EBE03358B5,lens_icon,Lenses,1625718298852,0,0,"b'\x18\xd8p \xd8p*\x16xiD_ggafXi4di076hsp8Uw:\x04wwanB\x81\x01AppStateChangeEvent(appState=BACKGROUND, stateChangeTimestamp=NetworkTimeStamp(elapsedMillis=209840459, utcMillis=1625718291426))H\x00'"
3282,lens_icon.lens_icon-https://bolt-gcdn.sc-cdn.net/3/sRpSCCcNLFkOIDbgGHmls?bo=EhgaABoAMgF9OgEEQgYIiNe-8AVIAlASYAE%3D&uc=18,mbGCjAI28bICKlZoCmQq9w,5B1FCA69928331BEB9F90EB6FA636959,lens_icon,Lenses,1625718298983,0,0,"b'\x18\x8cr \x8cr*\x16xiD_ggafXi4di076hsp8Uw:\x04wwanB\x81\x01AppStateChangeEvent(appState=BACKGROUND, stateChangeTimestamp=NetworkTimeStamp(elapsedMillis=209840459, utcMillis=1625718291426))H\x00'"
3283,lens_icon.lens_icon-https://bolt-gcdn.sc-cdn.net/3/lji3F8JBny6LQQ5Au5i5g?bo=EhgaABoAMgF9OgEEQgYI_-if9QVIAlASYAE%3D&uc=18,gnWCmf_51Zsv_Sjv5QWklg,5DE63E0E7F7875FECC7487904A8633EF,lens_icon,Lenses,1625718299115,0,0,"b'\x18\xb6\\ \xb6\\*\x16xiD_ggafXi4di076hsp8Uw:\x04wwanB\x81\x01AppStateChangeEvent(appState=BACKGROUND, stateChangeTimestamp=NetworkTimeStamp(elapsedMillis=209840459, utcMillis=1625718291426))H\x00'"
3284,lens_icon.lens_icon-https://bolt-gcdn.sc-cdn.net/3/a2aMthbJ83kLglEvNkgEQ?bo=EhgaABoAMgF9OgEEQgYIl_qlgAZIAlASYAE%3D&uc=18,UlwSI-5lyqX_s6aFO2L72w,C3B75A138AC04FD7CA7E0D505E1E6B7B,lens_icon,Lenses,1625718299234,0,0,"b'\x18\xdaj \xdaj*\x16xiD_ggafXi4di076hsp8Uw:\x04wwanB\x81\x01AppStateChangeEvent(appState=BACKGROUND, stateChangeTimestamp=NetworkTimeStamp(elapsedMillis=209840459, utcMillis=1625718291426))H\x00'"
3285,lens_icon.lens_icon-https://bolt-gcdn.sc-cdn.net/3/tTaWNAQ4RAEa90ob7mLyV?bo=EhgaABoAMgF9OgEEQgYIxPDT8gVIAlASYAE%3D&uc=18,xnTHVlLA7R_rJZjZ7wB-Ag,F2BD779AB799A78AC78E54DD0DA6C5EC,lens_icon,Lenses,1625718299359,0,0,"b'\x18\x968 \x968*\x16xiD_ggafXi4di076hsp8Uw:\x04wwanB\x81\x01AppStateChangeEvent(appState=BACKGROUND, stateChangeTimestamp=NetworkTimeStamp(elapsedMillis=209840459, utcMillis=1625718291426))H\x00'"
3286,lens_icon.lens_icon-https://bolt-gcdn.sc-cdn.net/3/rv8Doa7yfamP1lFSsCuhi?bo=EhgaABoAMgF9OgEEQgYI6ZSF_gVIAlASYAE%3D&uc=18,knjv3XHzZ79TKi75SUI1Fw,2E025C35E0130F4B9C324B44E07407E4,lens_icon,Lenses,1625718299491,0,0,"b'\x18\x84W \x84W*\x16xiD_ggafXi4di076hsp8Uw:\x04wwanB\x81\x01AppStateChangeEvent(appState=BACKGROUND, stateChangeTimestamp=NetworkTimeStamp(elapsedMillis=209840459, utcMillis=1625718291426))H\x00'"
3287,lens_icon.lens_icon-https://bolt-gcdn.sc-cdn.net/3/954K4GJSmJgpFMU5oDHeG?bo=EhgaABoAMgF9OgEEQgYI4MTs9gVIAlASYAE%3D&uc=18,mRrKMTpl7Y_50yIj4-91BA,0220172C79BC2EA4190F5410DBE7312E,lens_icon,Lenses,1625718299610,0,0,"b'\x18\x908 \x908*\x16xiD_ggafXi4di076hsp8Uw:\x04wwanB\x81\x01AppStateChangeEvent(appState=BACKGROUND, stateChangeTimestamp=NetworkTimeStamp(elapsedMillis=209840459, utcMillis=1625718291426))H\x00'"
3288,lens_icon.lens_icon-https://bolt-gcdn.sc-cdn.net/3/u9zgtf0zdPUFZ7X7pWKHl?bo=EhgaABoAMgF9OgEEQgYIn9vV8AVIAlASYAE%3D&uc=18,hd34EkW9FCJSLNX7FBDi5w,1FC93FC6F59C8B78B7877ADF7139A78F,lens_icon,Lenses,1625718299732,0,0,"b'\x18\xf8* \xf8**\x16xiD_ggafXi4di076hsp8Uw:\x04wwanB\x81\x01AppStateChangeEvent(appState=BACKGROUND, stateChangeTimestamp=NetworkTimeStamp(elapsedMillis=209840459, utcMillis=1625718291426))H\x00'"
3289,lens_icon.lens_icon-https://bolt-gcdn.sc-cdn.net/3/ySlt6e5TVOvS1Ce19J2sK?bo=EhgaABoAMgF9OgEEQgYIwM3_9gVIAlASYAE%3D&uc=18,c0lOUN1o4gtWSjffX-Jqpg,CFD22A5675ABE471B8E8282B1F373CCF,lens_icon,Lenses,1625718299845,0,0,"b'\x18\xe6+ \xe6+*\x16xiD_ggafXi4di076hsp8Uw:\x04wwanB\x81\x01AppStateChangeEvent(appState=BACKGROUND, stateChangeTimestamp=NetworkTimeStamp(elapsedMillis=209840459, utcMillis=1625718291426))H\x00'"
3290,lens_icon.lens_icon-https://bolt-gcdn.sc-cdn.net/3/FRgAaac1zNeBekcbuFCmB?bo=EhgaABoAMgF9OgEEQgYIvo6A9QVIAlASYAE%3D&uc=18,WwFlz7vuJZC9VGGWtsrWxQ,BECA0F9C636B714CC2B603D33493AA91,lens_icon,Lenses,1625718299973,0,0,"b'\x18\xa8L \xa8L*\x16xiD_ggafXi4di076hsp8Uw:\x04wwanB\x81\x01AppStateChangeEvent(appState=BACKGROUND, stateChangeTimestamp=NetworkTimeStamp(elapsedMillis=209840459, utcMillis=1625718291426))H\x00'"
3291,lens_icon.lens_icon-https://bolt-gcdn.sc-cdn.net/3/R8yU0ibQgTsNEr1OUIn0x?bo=EhgaABoAMgF9OgEEQgYI8fbXhgZIAlASYAE%3D&uc=18,CB6RzHVxZ5vl60Mxa1b-dw,E746D6C5474AD3F44F4450E0481F4367,lens_icon,Lenses,1625718300104,0,0,"b'\x18\xb08 \xb08*\x16xiD_ggafXi4di076hsp8Uw:\x04wwanB\x81\x01AppStateChangeEvent(appState=BACKGROUND, stateChangeTimestamp=NetworkTimeStamp(elapsedMillis=209840459, utcMillis=1625718291426))H\x00'"
3292,lens_icon.lens_icon-https://bolt-gcdn.sc-cdn.net/3/bAmHbYkI4DDvYIxwLp24c?bo=EhgaABoAMgF9OgEEQgYIqJGXhwZIAlASYAE%3D&uc=18,UqLnOrlswqsDptIbGuuB_w,BDF82FD3E37D40B9F2D5B5C3DB8AC692,lens_icon,Lenses,1625719142318,0,0,"b'\x18\xe6@ \xe6@*\x16xiD_ggafXi4di076hsp8Uw:\x04wwanB\x81\x01AppStateChangeEvent(appState=FOREGROUND, stateChangeTimestamp=NetworkTimeStamp(elapsedMillis=210690984, utcMillis=1625719141952))H\x00'"
3293,lens_icon.lens_icon-https://bolt-gcdn.sc-cdn.net/3/AqXvtUC4e5S8Ardr82Ybp?bo=EhgaABoAMgF9OgEEQgYI4PX7-AVIAlASYAE%3D&uc=18,7BbhGP09_ZcrPIrgiGEXAA,531E1C54E84A6192D2D6B26BBBAF8293,lens_icon,Lenses,1625719142402,0,0,"b'\x18\xe8J \xe8J*\x16xiD_ggafXi4di076hsp8Uw:\x04wwanB\x81\x01AppStateChangeEvent(appState=FOREGROUND, stateChangeTimestamp=NetworkTimeStamp(elapsedMillis=210690984, utcMillis=1625719141952))H\x00'"
3294,lens_icon.lens_icon-https://bolt-gcdn.sc-cdn.net/3/4JEkZRakNRGR0DCJSitHJ?bo=EhgaABoAMgF9OgEEQgYIsL3tggZIAlASYAE%3D&uc=18,joNNwiaLAjqYb7E7PhiZKg,D9651C8B725B3132536965D24B1BBBB8,lens_icon,Lenses,1625719142500,0,0,"b'\x18\x82[ \x82[*\x16xiD_ggafXi4di076hsp8Uw:\x04wwanB\x81\x01AppStateChangeEvent(appState=FOREGROUND, stateChangeTimestamp=NetworkTimeStamp(elapsedMillis=210690984, utcMillis=1625719141952))H\x00'"
3295,lens_icon.lens_icon-https://bolt-gcdn.sc-cdn.net/3/nEOIPN7VYtlVBgBpirX0R?bo=EhgaABoAMgF9OgEEQgYIoIyiggZIAlASYAE%3D&uc=18,g-LdDuXVd3ZtJnlFCVlnfw,9C3DAD71D3C75C0E502FBBEA613DFA35,lens_icon,Lenses,1625719142585,0,0,"b'\x18\xe2Y \xe2Y*\x16xiD_ggafXi4di076hsp8Uw:\x04wwanB\x81\x01AppStateChangeEvent(appState=FOREGROUND, stateChangeTimestamp=NetworkTimeStamp(elapsedMillis=210690984, utcMillis=1625719141952))H\x00'"
3296,lens_icon.lens_icon-https://bolt-gcdn.sc-cdn.net/3/wfrRecBvxCIfD8c5Q01w5?bo=EhgaABoAMgF9OgEEQgYIzo_y8AVIAlASYAE%3D&uc=18,7yBwriQgum0J_bAs7S89uA,BBD6BC469EEBCFD18241210C51D78936,lens_icon,Lenses,1625719142678,0,0,"b'\x18\x843 \x843*\x16xiD_ggafXi4di076hsp8Uw:\x04wwanB\x81\x01AppStateChangeEvent(appState=FOREGROUND, stateChangeTimestamp=NetworkTimeStamp(elapsedMillis=210690984, utcMillis=1625719141952))H\x00'"
3297,non_user_bitmoji.non_user_bitmoji-10225903~1~99272128229_15-s5~WEBP,-E2rjtoicw-MIsoaObCufg,E90AD323F7F0BB0DF2F8983462D86F6A,non_user_bitmoji,Bitmoji,1625935955594,1625935955594,1625935955594,"b'\x18\xf6  \xf6 *\x16D89YXU7duNxuvvwWtgTm9g:\x04wwanBoAppStateChangeEvent(appState=BACKGROUND, stateChangeTimestamp=NetworkTimeStamp(elapsedMillis=-1, utcMillis=-1))H\x00'"
3298,non_user_bitmoji.non_user_bitmoji-10226807~1~324727368_30-s5~WEBP,jhk1MwwGLU1bTNTy8pv4iA,3B7030F0944BB31D1294717390582935,non_user_bitmoji,Bitmoji,1626214629910,1626214629906,1626214629906,"b'\x18\xd61 \xd61*\x16EnqB2jsQh7iCKVTuRpGf5A:\x04wwanBoAppStateChangeEvent(appState=BACKGROUND, stateChangeTimestamp=NetworkTimeStamp(elapsedMillis=-1, utcMillis=-1))H\x00'"
3299,non_user_bitmoji.non_user_bitmoji-10225903~1~569305354_49-s5~WEBP,HZL0h_kKHuYFOEDayuHx-g,A81019198EED02AD88A9500F63D8704E,non_user_bitmoji,Bitmoji,1626214629935,1626214629935,1626214629935,"b'\x18\xfc\x1b \xfc\x1b*\x16EnqB2jsQh7iCKVTuRpGf5A:\x04wwanBoAppStateChangeEvent(appState=BACKGROUND, stateChangeTimestamp=NetworkTimeStamp(elapsedMillis=-1, utcMillis=-1))H\x00'"
3300,bitmoji_avatar.bitmoji_avatar-bitmoji_avatar20015296585-776e-41ab-857e-46a581ac3631content://com.snapchat.android.provider/bitmoji/324727368_30-s5/10226807?feature=NOTIFICATIONS&animated=false&scale=171e536c5-4d46-4ab2-ae94-18d05c9cbfa3content://com.snapchat.android.provider/bitmoji/569305354_49-s5/10225903?feature=NOTIFICATIONS&animated=false&scale=1,NULL_NETWORK_REQUEST_ID,862B5AC863817B2495F6FB054BC769CA,bitmoji_avatar,core-ui,1626214630067,1626214630067,1626214630067,"b'\x18\x00 \xd6\xaa\x03*\x16EnqB2jsQh7iCKVTuRpGf5A:\x04wwanBoAppStateChangeEvent(appState=BACKGROUND, stateChangeTimestamp=NetworkTimeStamp(elapsedMillis=-1, utcMillis=-1))H\x00'"
3301,non_user_bitmoji.non_user_bitmoji-10226013~1~99215215752_187-s5~WEBP,FBZNQFI7-SY7j-5UitWDgQ,0AA081453608F755B4681C180901919B,non_user_bitmoji,Bitmoji,1626214831636,1626214831636,1626214831636,"b'\x18\xee  \xee *\x16EnqB2jsQh7iCKVTuRpGf5A:\x04wwanBoAppStateChangeEvent(appState=BACKGROUND, stateChangeTimestamp=NetworkTimeStamp(elapsedMillis=-1, utcMillis=-1))H\x00'"
3302,non_user_bitmoji.non_user_bitmoji-10225903~1~99161761310_8-s5~WEBP,D3fyZJsfjOpIpIefwnmDoQ,765569A0D3FA6CE4EEC77D04A032D730,non_user_bitmoji,Bitmoji,1626214831670,1626214831670,1626214831670,"b'\x18\xe2% \xe2%*\x16EnqB2jsQh7iCKVTuRpGf5A:\x04wwanBoAppStateChangeEvent(appState=BACKGROUND, stateChangeTimestamp=NetworkTimeStamp(elapsedMillis=-1, utcMillis=-1))H\x00'"
3303,bitmoji_avatar.bitmoji_avatar-bitmoji_avatar20047380992-e06b-4d75-bffe-9c6c11f86d43content://com.snapchat.android.provider/bitmoji/99215215752_187-s5/10226013?feature=NOTIFICATIONS&animated=false&scale=14f611982-8b34-4a05-bacf-c733d2dc377bcontent://com.snapchat.android.provider/bitmoji/99161761310_8-s5/10225903?feature=NOTIFICATIONS&animated=false&scale=1,NULL_NETWORK_REQUEST_ID,30F6A12CCF6197C60F416750F3092157,bitmoji_avatar,core-ui,1626214831849,1626214831849,1626214831849,"b'\x18\x00 \xc8\xde\x02*\x16EnqB2jsQh7iCKVTuRpGf5A:\x04wwanBoAppStateChangeEvent(appState=BACKGROUND, stateChangeTimestamp=NetworkTimeStamp(elapsedMillis=-1, utcMillis=-1))H\x00'"
3304,lens_icon.lens_icon-https://bolt-gcdn.sc-cdn.net/3/gsJ0M5raCKyHaYhQD8MTc?bo=EhgaABoAMgF9OgEEQgYI-7irhgZIAlASYAE%3D&uc=18,NULL_NETWORK_REQUEST_ID,392640D61D6E94EDD8938D28177A0E87,lens_icon,Lenses,1626288014929,0,0,"b'\x18\x00 \xeaX*\x16quj7KxXvLgyn_dhR82hG9Q:\x04wwanB\x81\x01AppStateChangeEvent(appState=FOREGROUND, stateChangeTimestamp=NetworkTimeStamp(elapsedMillis=482634077, utcMillis=1626288014122))H\x00'"
3305,lens_icon.lens_icon-https://bolt-gcdn.sc-cdn.net/3/fKIdpJhjiBzjyXSu2xIAj?bo=EhgaABoAMgF9OgEEQgYIr7rX9AVIAlASYAE%3D&uc=18,9LlYnyjyZOoVSl9bssxDoQ,CF8BBC3914602779FA840B628B9572FA,lens_icon,Lenses,1626288015434,0,0,"b'\x18\xc85 \xc85*\x16quj7KxXvLgyn_dhR82hG9Q:\x04wwanB\x81\x01AppStateChangeEvent(appState=FOREGROUND, stateChangeTimestamp=NetworkTimeStamp(elapsedMillis=482634077, utcMillis=1626288014122))H\x00'"
3306,lens_icon.lens_icon-https://bolt-gcdn.sc-cdn.net/3/xzoIkTWJKetoLfuegTv6V?bo=EhgaABoAMgF9OgEEQgYI65v49gVIAlASYAE%3D&uc=18,S4TaUcYQ41JLValHI7J8xQ,BF513264AF490C3620EB4C3E99276A73,lens_icon,Lenses,1626288015552,0,0,"b'\x18\xea3 \xea3*\x16quj7KxXvLgyn_dhR82hG9Q:\x04wwanB\x81\x01AppStateChangeEvent(appState=FOREGROUND, stateChangeTimestamp=NetworkTimeStamp(elapsedMillis=482634077, utcMillis=1626288014122))H\x00'"
3307,lens_icon.lens_icon-https://bolt-gcdn.sc-cdn.net/3/TNYOLNQeTEhXnEWptLabu?bo=EhgaABoAMgF9OgEEQgYIruGkhAZIAlASYAE%3D&uc=18,gjaai1N5ppdfhWwJBfDc7w,105846EF344C7F45E81AD1BAC4234837,lens_icon,Lenses,1626288015648,0,0,"b'\x18\xacy \xacy*\x16quj7KxXvLgyn_dhR82hG9Q:\x04wwanB\x81\x01AppStateChangeEvent(appState=FOREGROUND, stateChangeTimestamp=NetworkTimeStamp(elapsedMillis=482634077, utcMillis=1626288014122))H\x00'"
3308,lens_icon.lens_icon-https://bolt-gcdn.sc-cdn.net/3/g45S8xt7w0rXSId7yoa9V?bo=EhgaABoAMgF9OgEEQgYI_aq88gVIAlASYAE%3D&uc=18,MAnhnRILwslHWPFPgR2JpQ,9BD3D2F5D352F95D2287D07A3118F70D,lens_icon,Lenses,1626288015754,0,0,"b'\x18\xb0& \xb0&*\x16quj7KxXvLgyn_dhR82hG9Q:\x04wwanB\x81\x01AppStateChangeEvent(appState=FOREGROUND, stateChangeTimestamp=NetworkTimeStamp(elapsedMillis=482634077, utcMillis=1626288014122))H\x00'"
3309,lens_icon.lens_icon-https://bolt-gcdn.sc-cdn.net/3/JP5upT6yX6J1Ro49fSDQ2?bo=EhgaABoAMgF9OgEEQgYIiO_g-AVIAlASYAE%3D&uc=18,uwbLDb0n-OWeLWlIa-dGrQ,6CFB62C7A0AE7E432B69D6D6EEECECA6,lens_icon,Lenses,1626288015885,0,0,"b'\x18\xe88 \xe88*\x16quj7KxXvLgyn_dhR82hG9Q:\x04wwanB\x81\x01AppStateChangeEvent(appState=FOREGROUND, stateChangeTimestamp=NetworkTimeStamp(elapsedMillis=482634077, utcMillis=1626288014122))H\x00'"
3310,lens_icon.lens_icon-https://bolt-gcdn.sc-cdn.net/3/PKSgUOsqlUleaexnlTovR?bo=EhgaABoAMgF9OgEEQgYItdaOgQZIAlASYAE%3D&uc=18,5nlJqNrheIIi1ON2L0Iuhw,ED681742E5A47C7046A2F0427F1C7C1A,lens_icon,Lenses,1626288016244,0,0,"b'\x18\xb8\x96\x01 \xb8\x96\x01*\x16quj7KxXvLgyn_dhR82hG9Q:\x04wwanB\x81\x01AppStateChangeEvent(appState=FOREGROUND, stateChangeTimestamp=NetworkTimeStamp(elapsedMillis=482634077, utcMillis=1626288014122))H\x00'"
3311,non_user_bitmoji.non_user_bitmoji-10226812~1~99335568240_87-s5~WEBP,sdTNv4mohkRlSgBy6TeTbw,C85E1BD620F049A38366946ED3F017CD,non_user_bitmoji,Bitmoji,1626288016621,1626288016621,1626288016621,"b'\x18\xd42 \xd42*\x16quj7KxXvLgyn_dhR82hG9Q:\x04wwanB\x81\x01AppStateChangeEvent(appState=FOREGROUND, stateChangeTimestamp=NetworkTimeStamp(elapsedMillis=482634077, utcMillis=1626288014122))H\x00'"
3312,non_user_bitmoji.non_user_bitmoji-10226396~1~99296238914_17-s5~WEBP,EldaMUQPL-qJwSH_4REy6Q,79197CF1B71CFF4EC8C6DD6624FF1804,non_user_bitmoji,Bitmoji,1626288016626,1626288016626,1626288016626,"b'\x18\xb6"" \xb6""*\x16quj7KxXvLgyn_dhR82hG9Q:\x04wwanB\x81\x01AppStateChangeEvent(appState=FOREGROUND, stateChangeTimestamp=NetworkTimeStamp(elapsedMillis=482634077, utcMillis=1626288014122))H\x00'"
3313,non_user_bitmoji.non_user_bitmoji-10226807~1~99124215174_26-s5~WEBP,r6HHGdHNzZ2vRsWe2PQztQ,A8170FEBA0B351182FBCC8879A37546D,non_user_bitmoji,Bitmoji,1626288016640,1626288016640,1626288016640,"b'\x18\xc84 \xc84*\x16quj7KxXvLgyn_dhR82hG9Q:\x04wwanB\x81\x01AppStateChangeEvent(appState=FOREGROUND, stateChangeTimestamp=NetworkTimeStamp(elapsedMillis=482634077, utcMillis=1626288014122))H\x00'"
3314,non_user_bitmoji.non_user_bitmoji-10226441~1~99272128229_15-s5~WEBP,QVYM_ZXt9IPZHJrz_EzdCQ,D07FC7EC35AE5D6E8AE7ED555F8BC9CE,non_user_bitmoji,Bitmoji,1626288016646,1626288016646,1626288016646,"b'\x18\x86"" \x86""*\x16quj7KxXvLgyn_dhR82hG9Q:\x04wwanB\x81\x01AppStateChangeEvent(appState=FOREGROUND, stateChangeTimestamp=NetworkTimeStamp(elapsedMillis=482634077, utcMillis=1626288014122))H\x00'"
3315,non_user_bitmoji.non_user_bitmoji-10226558~1~99302622651_4-s5~WEBP,bXLRc5FdGh7hSTIa7ZUtrA,BD49B8652D699A7B4A513E74A39A33AA,non_user_bitmoji,Bitmoji,1626288016685,1626288016685,1626288016685,"b'\x18\xaa! \xaa!*\x16quj7KxXvLgyn_dhR82hG9Q:\x04wwanB\x81\x01AppStateChangeEvent(appState=FOREGROUND, stateChangeTimestamp=NetworkTimeStamp(elapsedMillis=482634077, utcMillis=1626288014122))H\x00'"
3316,lens_icon.lens_icon-https://bolt-gcdn.sc-cdn.net/3/31AZADrl3V570I7axooCX?bo=EhgaABoAMgF9OgEEQgYI46zX9QVIAlASYAE%3D&uc=18,zOe-B0LuIn7JZbuqJaw0sQ,B596B786E7F4299D915FFBCF36436014,lens_icon,Lenses,1626288016780,0,0,"b'\x18\xf6/ \xf6/*\x16quj7KxXvLgyn_dhR82hG9Q:\x04wwanB\x81\x01AppStateChangeEvent(appState=FOREGROUND, stateChangeTimestamp=NetworkTimeStamp(elapsedMillis=482634077, utcMillis=1626288014122))H\x00'"
3317,lens_icon.lens_icon-https://bolt-gcdn.sc-cdn.net/3/d74e9dvqYv3Pd7O5GhM93?bo=EhgaABoAMgF9OgEEQgYIwsXhgQZIAlASYAE%3D&uc=18,Dgc1vQgRMlQ41WEq33P3GQ,AA7EC52F37AF53391273A74125D015FB,lens_icon,Lenses,1626288016892,0,0,"b'\x18\xbe; \xbe;*\x16quj7KxXvLgyn_dhR82hG9Q:\x04wwanB\x81\x01AppStateChangeEvent(appState=FOREGROUND, stateChangeTimestamp=NetworkTimeStamp(elapsedMillis=482634077, utcMillis=1626288014122))H\x00'"
3318,lens_icon.lens_icon-https://bolt-gcdn.sc-cdn.net/3/yaevhsY3gbmApdo0gamr8?bo=EhgaABoAMgF9OgEEQgYIhdnm_wVIAlASYAE%3D&uc=18,iMse-sLXjsY811a3-CdWJw,ADDEE40B9A551F87A75C1D8371AB7422,lens_icon,Lenses,1626288017011,0,0,"b'\x18\xf4Q \xf4Q*\x16quj7KxXvLgyn_dhR82hG9Q:\x04wwanB\x81\x01AppStateChangeEvent(appState=FOREGROUND, stateChangeTimestamp=NetworkTimeStamp(elapsedMillis=482634077, utcMillis=1626288014122))H\x00'"
3319,lens_icon.lens_icon-https://bolt-gcdn.sc-cdn.net/3/QXif1e0A3CeFJ6H52XAod?bo=EhgaABoAMgF9OgEEQgYIjL_T8AVIAlASYAE%3D&uc=18,QW8gFOF9XxAgE0p7WViLNA,4518AE5396227308224CEEBADE3DAC2B,lens_icon,Lenses,1626288017149,0,0,"b'\x18\xc4J \xc4J*\x16quj7KxXvLgyn_dhR82hG9Q:\x04wwanB\x81\x01AppStateChangeEvent(appState=FOREGROUND, stateChangeTimestamp=NetworkTimeStamp(elapsedMillis=482634077, utcMillis=1626288014122))H\x00'"
3320,lens_icon.lens_icon-https://bolt-gcdn.sc-cdn.net/3/HjRux2LWGvyEpNigDBIas?bo=EhgaABoAMgF9OgEEQgYI7p_q-QVIAlASYAE%3D&uc=18,JJErqsRbW7rWUZZuF99jPQ,6EB0AEB69D28C08E5974B11C3EAB6A27,lens_icon,Lenses,1626288017331,0,0,"b'\x18\x96\x87\x01 \x96\x87\x01*\x16quj7KxXvLgyn_dhR82hG9Q:\x04wwanB\x81\x01AppStateChangeEvent(appState=FOREGROUND, stateChangeTimestamp=NetworkTimeStamp(elapsedMillis=482634077, utcMillis=1626288014122))H\x00'"
3321,lens_icon.lens_icon-https://bolt-gcdn.sc-cdn.net/3/OhVwLk3MfOTi31K1DgUYR?bo=EhgaABoAMgF9OgEEQgYI-N-rgwZIAlASYAE%3D&uc=18,PZgvKqLbG42bJ67e6b582A,4B18684657DAC2008266002A06E8DE84,lens_icon,Lenses,1626288017609,0,0,"b'\x18\xbcC \xbcC*\x16quj7KxXvLgyn_dhR82hG9Q:\x04wwanB\x81\x01AppStateChangeEvent(appState=FOREGROUND, stateChangeTimestamp=NetworkTimeStamp(elapsedMillis=482634077, utcMillis=1626288014122))H\x00'"
3322,lens_icon.lens_icon-https://bolt-gcdn.sc-cdn.net/3/IUFe7GDysVisYTVC813G9?bo=EhgaABoAMgF9OgEEQgYI9rrM8AVIAlASYAE%3D&uc=18,ZyO7SoZW1tP-NIlQ3QFTLg,F2DFB0599643CB2FC6D5D636D8253C58,lens_icon,Lenses,1626288017768,0,0,"b'\x18\xe8R \xe8R*\x16quj7KxXvLgyn_dhR82hG9Q:\x04wwanB\x81\x01AppStateChangeEvent(appState=FOREGROUND, stateChangeTimestamp=NetworkTimeStamp(elapsedMillis=482634077, utcMillis=1626288014122))H\x00'"
3323,chat_snap.chat_snap-sHE1ipaEcE5NMLXV01FRC,SQLnF9r11PcD8aCOmYuj8g,0F8CBFD21C1A228D5712F8CD80428D8E,chat_snap,Messaginglib,1626288017770,1626288017770,1626288017770,"b'\x18\xd0\x8a\xa2\x02 \xc5\x8a\xa2\x02*\x16quj7KxXvLgyn_dhR82hG9Q:\x04wwanB\x81\x01AppStateChangeEvent(appState=FOREGROUND, stateChangeTimestamp=NetworkTimeStamp(elapsedMillis=482634077, utcMillis=1626288014122))H\x00'"
3324,lens_icon.lens_icon-https://bolt-gcdn.sc-cdn.net/3/YQ38n4q4BfeGjwTcxKHDp?bo=EhgaABoAMgF9OgEEQgYI07nNhgZIAlASYAE%3D&uc=18,r3m4C-NIjGLi8dmh1lU2nQ,8C19F4C56ED93EF28AF3FC252EE74005,lens_icon,Lenses,1626288017876,0,0,"b'\x18\xb6d \xb6d*\x16quj7KxXvLgyn_dhR82hG9Q:\x04wwanB\x81\x01AppStateChangeEvent(appState=FOREGROUND, stateChangeTimestamp=NetworkTimeStamp(elapsedMillis=482634077, utcMillis=1626288014122))H\x00'"
3325,lens_icon.lens_icon-https://bolt-gcdn.sc-cdn.net/3/9wdKhSlEcZbeNDEpdSXIX?bo=EhgaABoAMgF9OgEEQgYI6IOkhwZIAlASYAE%3D&uc=18,Pwh0fxmE0AvaKjF1cLiCTg,7205307F56098C5EDE9C2CD46E0EAB7E,lens_icon,Lenses,1626288017979,0,0,"b'\x18\xc69 \xc69*\x16quj7KxXvLgyn_dhR82hG9Q:\x04wwanB\x81\x01AppStateChangeEvent(appState=FOREGROUND, stateChangeTimestamp=NetworkTimeStamp(elapsedMillis=482634077, utcMillis=1626288014122))H\x00'"
3326,lens_icon.lens_icon-https://bolt-gcdn.sc-cdn.net/3/QZrKxgrPiUir0HMk6BZ6B?bo=EhgaABoAMgF9OgEEQgYIi4qdhwZIAlASYAE%3D&uc=18,QyV3xv7zYVMP5uLOLJN0Ag,545C53EDC62871877C0E6F927EFD82BC,lens_icon,Lenses,1626288018073,0,0,"b'\x18\xa4I \xa4I*\x16quj7KxXvLgyn_dhR82hG9Q:\x04wwanB\x81\x01AppStateChangeEvent(appState=FOREGROUND, stateChangeTimestamp=NetworkTimeStamp(elapsedMillis=482634077, utcMillis=1626288014122))H\x00'"
3327,lens_icon.lens_icon-https://bolt-gcdn.sc-cdn.net/3/mvXoNYhLEmWszxMZw3Ttp?bo=EhgaABoAMgF9OgEEQgYInvKQhwZIAlASYAE%3D&uc=18,c5u3XoCNXmXKYun_EXiaLQ,6CB1126627F4013ED43CAD0AD015A317,lens_icon,Lenses,1626288018168,0,0,"b'\x18\xf8E \xf8E*\x16quj7KxXvLgyn_dhR82hG9Q:\x04wwanB\x81\x01AppStateChangeEvent(appState=FOREGROUND, stateChangeTimestamp=NetworkTimeStamp(elapsedMillis=482634077, utcMillis=1626288014122))H\x00'"
3328,lens_icon.lens_icon-https://bolt-gcdn.sc-cdn.net/3/4rwugmYUkuY0pa2XC5MLE?bo=EhgaABoAMgF9OgEEQgYIlJCchwZIAlASYAE%3D&uc=18,9aMWnKf_J0fOCWLDE-sMRw,8FDD010B582F0751CAFC22032B9F66E6,lens_icon,Lenses,1626288018262,0,0,"b'\x18\xd0F \xd0F*\x16quj7KxXvLgyn_dhR82hG9Q:\x04wwanB\x81\x01AppStateChangeEvent(appState=FOREGROUND, stateChangeTimestamp=NetworkTimeStamp(elapsedMillis=482634077, utcMillis=1626288014122))H\x00'"
3329,lens_icon.lens_icon-https://bolt-gcdn.sc-cdn.net/3/exnpzjkkjhvhXUs40G75j?bo=EhgaABoAMgF9OgEEQgYI25KmgAZIAlASYAE%3D&uc=18,wWZTd2UWRUzWI0ypWfzhXg,161ACD9BAC825EFAAFC73D39B7E9C66B,lens_icon,Lenses,1626288018373,0,0,"b'\x18\xe2m \xe2m*\x16quj7KxXvLgyn_dhR82hG9Q:\x04wwanB\x81\x01AppStateChangeEvent(appState=FOREGROUND, stateChangeTimestamp=NetworkTimeStamp(elapsedMillis=482634077, utcMillis=1626288014122))H\x00'"
3330,lens_icon.lens_icon-https://bolt-gcdn.sc-cdn.net/3/hP77O2ImfL4a2nmASM2FY?bo=EhgaABoAMgF9OgEEQgYIysSjggZIAlASYAE%3D&uc=18,5YvEhM1h6sqw2aK0DKCY8A,3F74C84959D14CEA3D5E660D2AE3C073,lens_icon,Lenses,1626288018462,0,0,"b'\x18\xe8\\ \xe8\\*\x16quj7KxXvLgyn_dhR82hG9Q:\x04wwanB\x81\x01AppStateChangeEvent(appState=FOREGROUND, stateChangeTimestamp=NetworkTimeStamp(elapsedMillis=482634077, utcMillis=1626288014122))H\x00'"
3331,lens_icon.lens_icon-https://bolt-gcdn.sc-cdn.net/3/UF4wO0C4ZVYluaT6u5CkW?bo=EhgaABoAMgF9OgEEQgYIpeqyggZIAlASYAE%3D&uc=18,D4iMSCJe3w1y1go_omRp9w,DFE50DC29582862B1ECFA8361D21251D,lens_icon,Lenses,1626288018567,0,0,"b'\x18\xc6\xa8\x01 \xc6\xa8\x01*\x16quj7KxXvLgyn_dhR82hG9Q:\x04wwanB\x81\x01AppStateChangeEvent(appState=FOREGROUND, stateChangeTimestamp=NetworkTimeStamp(elapsedMillis=482634077, utcMillis=1626288014122))H\x00'"
3332,lens_icon.lens_icon-https://bolt-gcdn.sc-cdn.net/3/gMrknpAGqmbKIENuKBrUl?bo=EhgaABoAMgF9OgEEQgYI382j_gVIAlASYAE%3D&uc=18,RR0lqLNt6ovqVZ0oUT6sRQ,FAF2CD2D63BC9524B03A0E00D1CA1673,lens_icon,Lenses,1626288018670,0,0,"b'\x18\xb8\xb6\x01 \xb8\xb6\x01*\x16quj7KxXvLgyn_dhR82hG9Q:\x04wwanB\x81\x01AppStateChangeEvent(appState=FOREGROUND, stateChangeTimestamp=NetworkTimeStamp(elapsedMillis=482634077, utcMillis=1626288014122))H\x00'"
3333,lens_icon.lens_icon-https://bolt-gcdn.sc-cdn.net/3/f5Yibq5xBV3FY73m06nZ8?bo=EhgaABoAMgF9OgEEQgYI7LPxhAZIAlASYAE%3D&uc=18,RHVtxIzuF1nGLpMkolbQEw,8041B9D07FFD8CDF88225EE9666D7FDB,lens_icon,Lenses,1626288018765,0,0,"b'\x18\xca] \xca]*\x16quj7KxXvLgyn_dhR82hG9Q:\x04wwanB\x81\x01AppStateChangeEvent(appState=FOREGROUND, stateChangeTimestamp=NetworkTimeStamp(elapsedMillis=482634077, utcMillis=1626288014122))H\x00'"
3334,lens_icon.lens_icon-https://bolt-gcdn.sc-cdn.net/3/YyuIoty5m592H7J9iv4Le?bo=EhgaABoAMgF9OgEEQgYIkYCkgQZIAlASYAE%3D&uc=18,OkWO5x1iWd9aWs55eo6X1A,8C6053CBB5A64A3B089196AC0BFA829C,lens_icon,Lenses,1626288018861,0,0,"b'\x18\xc4, \xc4,*\x16quj7KxXvLgyn_dhR82hG9Q:\x04wwanB\x81\x01AppStateChangeEvent(appState=FOREGROUND, stateChangeTimestamp=NetworkTimeStamp(elapsedMillis=482634077, utcMillis=1626288014122))H\x00'"
3335,lens_icon.lens_icon-https://bolt-gcdn.sc-cdn.net/3/SRcQhWHL1R0MCEm1h3YWe?bo=EhgaABoAMgF9OgEEQgYIgKfm_AVIAlASYAE%3D&uc=18,eSBw1mTMdcgcTo_NfzuIUA,B35502A05A20FAF2738A10185A10A9F8,lens_icon,Lenses,1626288018960,0,0,"b'\x18\x90\xa3\x01 \x90\xa3\x01*\x16quj7KxXvLgyn_dhR82hG9Q:\x04wwanB\x81\x01AppStateChangeEvent(appState=FOREGROUND, stateChangeTimestamp=NetworkTimeStamp(elapsedMillis=482634077, utcMillis=1626288014122))H\x00'"
3336,lens_icon.lens_icon-https://bolt-gcdn.sc-cdn.net/3/0NGmIySytY6xL07NGJTCb?bo=EhgaABoAMgF9OgEEQgYIm_jF9QVIAlASYAE%3D&uc=18,UGuSUI2dMzy0-9VXtkDC7g,BC095F839935EAEA2E4E1607FB91BAED,lens_icon,Lenses,1626288019051,0,0,"b""\x18\xd0' \xd0'*\x16quj7KxXvLgyn_dhR82hG9Q:\x04wwanB\x81\x01AppStateChangeEvent(appState=FOREGROUND, stateChangeTimestamp=NetworkTimeStamp(elapsedMillis=482634077, utcMillis=1626288014122))H\x00"""
3337,lens_icon.lens_icon-https://bolt-gcdn.sc-cdn.net/3/AwVXzK7lQfGUdoSulMR3t?bo=EhgaABoAMgF9OgEEQgYI3LrAgwZIAlASYAE%3D&uc=18,pP9v17oEOFE4IClB9c2-UQ,FBBBF7656C77CFF88B4E4C9B6D76A726,lens_icon,Lenses,1626288019151,0,0,"b'\x18\xe4b \xe4b*\x16quj7KxXvLgyn_dhR82hG9Q:\x04wwanB\x81\x01AppStateChangeEvent(appState=FOREGROUND, stateChangeTimestamp=NetworkTimeStamp(elapsedMillis=482634077, utcMillis=1626288014122))H\x00'"
3338,lens_icon.lens_icon-https://bolt-gcdn.sc-cdn.net/3/P73Jt7bgoOA6Wg8Ob3nt1?bo=EhgaABoAMgF9OgEEQgYIgNG79AVIAlASYAE%3D&uc=18,AILrHA1hfdMZVyGgOpbDPA,C42157ED0B7BC669D785034B1BA7F69C,lens_icon,Lenses,1626288019258,0,0,"b'\x18\xb4\x92\x01 \xb4\x92\x01*\x16quj7KxXvLgyn_dhR82hG9Q:\x04wwanB\x81\x01AppStateChangeEvent(appState=FOREGROUND, stateChangeTimestamp=NetworkTimeStamp(elapsedMillis=482634077, utcMillis=1626288014122))H\x00'"
3339,lens_icon.lens_icon-https://bolt-gcdn.sc-cdn.net/3/yrT7CF0IQfpSQ71uW2aPQ?bo=EhgaABoAMgF9OgEEQgYI0p6O9gVIAlASYAE%3D&uc=18,RuadY6GsgI_QyryXgRkMPQ,B2E2E7DB436491B7F99E298A3A1535FB,lens_icon,Lenses,1626288019361,0,0,"b'\x18\xc6K \xc6K*\x16quj7KxXvLgyn_dhR82hG9Q:\x04wwanB\x81\x01AppStateChangeEvent(appState=FOREGROUND, stateChangeTimestamp=NetworkTimeStamp(elapsedMillis=482634077, utcMillis=1626288014122))H\x00'"
3340,lens_icon.lens_icon-https://bolt-gcdn.sc-cdn.net/3/JnKULTvi7bDhfnSTnQQmg?bo=EhgaABoAMgF9OgEEQgYI8vaJ9gVIAlASYAE%3D&uc=18,WD_K2acJs9bI1guHej3pmQ,FF3C757072EDDFA464CB4920645F3102,lens_icon,Lenses,1626288019458,0,0,"b'\x18\x90Y \x90Y*\x16quj7KxXvLgyn_dhR82hG9Q:\x04wwanB\x81\x01AppStateChangeEvent(appState=FOREGROUND, stateChangeTimestamp=NetworkTimeStamp(elapsedMillis=482634077, utcMillis=1626288014122))H\x00'"
3341,lens_icon.lens_icon-https://bolt-gcdn.sc-cdn.net/3/gVSFPKsjvAWP1OzLOIObt?bo=EhgaABoAMgF9OgEEQgYIluzU8AVIAlASYAE%3D&uc=18,s3xgaUPX4KsBGnfv1bXBAQ,46D7231F2AB3E7FEDE9B62D57EB195CF,lens_icon,Lenses,1626288019545,0,0,"b'\x18\xa24 \xa24*\x16quj7KxXvLgyn_dhR82hG9Q:\x04wwanB\x81\x01AppStateChangeEvent(appState=FOREGROUND, stateChangeTimestamp=NetworkTimeStamp(elapsedMillis=482634077, utcMillis=1626288014122))H\x00'"
3342,lens_icon.lens_icon-https://bolt-gcdn.sc-cdn.net/3/Kk2QzCydFO8iY1utSvqWg?bo=EhgaABoAMgF9OgEEQgYInMPK8AVIAlASYAE%3D&uc=18,yqxpOf0E1FczubuCbZ4i0Q,7F6BAD7851A86C1D64207D68DF533384,lens_icon,Lenses,1626288019631,0,0,"b'\x18\xeeS \xeeS*\x16quj7KxXvLgyn_dhR82hG9Q:\x04wwanB\x81\x01AppStateChangeEvent(appState=FOREGROUND, stateChangeTimestamp=NetworkTimeStamp(elapsedMillis=482634077, utcMillis=1626288014122))H\x00'"
3343,lens_icon.lens_icon-https://bolt-gcdn.sc-cdn.net/3/rySbPY6shx4yEI0jhg6tN?bo=EhgaABoAMgF9OgEEQgYIuc7Y8AVIAlASYAE%3D&uc=18,EdNhVsrc_rG2z5QAGpbaPA,D4DF68593C543259A4AE967053A3D93E,lens_icon,Lenses,1626288019736,0,0,"b'\x18\xce6 \xce6*\x16quj7KxXvLgyn_dhR82hG9Q:\x04wwanB\x81\x01AppStateChangeEvent(appState=FOREGROUND, stateChangeTimestamp=NetworkTimeStamp(elapsedMillis=482634077, utcMillis=1626288014122))H\x00'"
3344,cognac.cognac-https://cf-st.sc-cdn.net/d/91fho74zskkTfUM6c1hRB?bo=EhMaABoAMgIEfUgCUAhaAwj2C2AB&uc=8,lYeuglmunkj6KMvuDGAucg,B3A99C0721096487E5E80230536527AF,cognac,Cognac,1626288019784,1626288019784,1626288019784,"b'\x18\xf6\x0b \xf6\x0b*\x16quj7KxXvLgyn_dhR82hG9Q:\x04wwanB\x81\x01AppStateChangeEvent(appState=FOREGROUND, stateChangeTimestamp=NetworkTimeStamp(elapsedMillis=482634077, utcMillis=1626288014122))H\x00'"
3345,non_user_bitmoji.non_user_bitmoji-20052091~1~99378042088_6-s5~WEBP,hshWBC2NbMTOOA-OHmnQSg,26C24B4306FBB5E71B28868DD746605E,non_user_bitmoji,Bitmoji,1626288019847,1626288019847,1626288019847,"b'\x18\x82) \x82)*\x16quj7KxXvLgyn_dhR82hG9Q:\x04wwanB\x81\x01AppStateChangeEvent(appState=FOREGROUND, stateChangeTimestamp=NetworkTimeStamp(elapsedMillis=482634077, utcMillis=1626288014122))H\x00'"
3346,cognac.cognac-https://cf-st.sc-cdn.net/d/n5V4KlsjpmyU6gBYdU5JK?bo=EhMaABoAMgIEfUgCUAhaAwiJDGAB&uc=8,mZHgYbJyjvYO2RR_ksgrew,314B58CE2A10812E623D8D7B75CF2661,cognac,Cognac,1626288019889,1626288019888,1626288019888,"b'\x18\x89\x0c \x89\x0c*\x16quj7KxXvLgyn_dhR82hG9Q:\x04wwanB\x81\x01AppStateChangeEvent(appState=FOREGROUND, stateChangeTimestamp=NetworkTimeStamp(elapsedMillis=482634077, utcMillis=1626288014122))H\x00'"
3347,lens_icon.lens_icon-https://bolt-gcdn.sc-cdn.net/3/4SkVDknTC6kopjQMSTRii?bo=EhgaABoAMgF9OgEEQgYIgfWp8wVIAlASYAE%3D&uc=18,3aHxVXThZcwwBssoRKcIQw,1BA3D34189407CEDAD8C354E85A075D7,lens_icon,Lenses,1626288019974,0,0,"b'\x18\xbcA \xbcA*\x16quj7KxXvLgyn_dhR82hG9Q:\x04wwanB\x81\x01AppStateChangeEvent(appState=FOREGROUND, stateChangeTimestamp=NetworkTimeStamp(elapsedMillis=482634077, utcMillis=1626288014122))H\x00'"
3348,lens_icon.lens_icon-https://bolt-gcdn.sc-cdn.net/3/NGLocbRcJala2j4DnLAlN?bo=EhgaABoAMgF9OgEEQgYI98Cl9QVIAlASYAE%3D&uc=18,5tBuWM_0ELK0tNpSlFh0fw,1B28AF9480A23BDA8887B729D5B4F877,lens_icon,Lenses,1626288020064,0,0,"b'\x18\x828 \x828*\x16quj7KxXvLgyn_dhR82hG9Q:\x04wwanB\x81\x01AppStateChangeEvent(appState=FOREGROUND, stateChangeTimestamp=NetworkTimeStamp(elapsedMillis=482634077, utcMillis=1626288014122))H\x00'"
3349,lens_icon.lens_icon-https://bolt-gcdn.sc-cdn.net/3/8oumvYn2fasVMzgLKjAS0?bo=EhgaABoAMgF9OgEEQgYIk-zwgQZIAlASYAE%3D&uc=18,oqnKvP2VbfaE4bOOAg7Teg,F6C51788030FE7D468D39B90BB015DE2,lens_icon,Lenses,1626288020153,0,0,"b'\x18\x9a9 \x9a9*\x16quj7KxXvLgyn_dhR82hG9Q:\x04wwanB\x81\x01AppStateChangeEvent(appState=FOREGROUND, stateChangeTimestamp=NetworkTimeStamp(elapsedMillis=482634077, utcMillis=1626288014122))H\x00'"
3350,lens_icon.lens_icon-https://bolt-gcdn.sc-cdn.net/3/diTX283j3PAnwN5lC7X7u?bo=EhgaABoAMgF9OgEEQgYI0suF9QVIAlASYAE%3D&uc=18,EeAcwgCp5lP9YvN9eItxUA,88FF6BDE8D3B470E821A7198E9690D76,lens_icon,Lenses,1626288020245,0,0,"b'\x18\xc4\xa3\x01 \xc4\xa3\x01*\x16quj7KxXvLgyn_dhR82hG9Q:\x04wwanB\x81\x01AppStateChangeEvent(appState=FOREGROUND, stateChangeTimestamp=NetworkTimeStamp(elapsedMillis=482634077, utcMillis=1626288014122))H\x00'"
3351,lens_icon.lens_icon-https://bolt-gcdn.sc-cdn.net/3/xsaeGteqs2npDmKajPLZg?bo=EhgaABoAMgF9OgEEQgYIn6nF8QVIAlASYAE%3D&uc=18,mFh9zTDyDFA9JMHiOuDcYg,6D4F1475CC175301A2A7D663CD0FDF0E,lens_icon,Lenses,1626288020329,0,0,"b'\x18\xf8/ \xf8/*\x16quj7KxXvLgyn_dhR82hG9Q:\x04wwanB\x81\x01AppStateChangeEvent(appState=FOREGROUND, stateChangeTimestamp=NetworkTimeStamp(elapsedMillis=482634077, utcMillis=1626288014122))H\x00'"
3352,lens_icon.lens_icon-https://bolt-gcdn.sc-cdn.net/3/CNcwb54SICUPme8TcOhw6?bo=EhgaABoAMgF9OgEEQgYIo-2S_QVIAlASYAE%3D&uc=18,B8mZVYP_Iap8yO7q2ZO1mg,EA443DCC5538C0B8A923635EA3182F94,lens_icon,Lenses,1626288020416,0,0,"b'\x18\xeeX \xeeX*\x16quj7KxXvLgyn_dhR82hG9Q:\x04wwanB\x81\x01AppStateChangeEvent(appState=FOREGROUND, stateChangeTimestamp=NetworkTimeStamp(elapsedMillis=482634077, utcMillis=1626288014122))H\x00'"
3353,lens_icon.lens_icon-https://bolt-gcdn.sc-cdn.net/3/UfIC5TgNaahcxyQCC5cxC?bo=EhgaABoAMgF9OgEEQgYIzI2L_AVIAlASYAE%3D&uc=18,Gzn0AHKkKJZ4j75QXn1itA,CF219AC3EEC7BEC84AA353DF01B0AAEF,lens_icon,Lenses,1626288020514,0,0,"b'\x18\xe8X \xe8X*\x16quj7KxXvLgyn_dhR82hG9Q:\x04wwanB\x81\x01AppStateChangeEvent(appState=FOREGROUND, stateChangeTimestamp=NetworkTimeStamp(elapsedMillis=482634077, utcMillis=1626288014122))H\x00'"
3354,lens_icon.lens_icon-https://bolt-gcdn.sc-cdn.net/3/29oJAaQp0d5ggTFHpDYsM?bo=EhgaABoAMgF9OgEEQgYI_-T0gAZIAlASYAE%3D&uc=18,Ab-Ex46kz6Asvuuzi8GA7g,1B6C315E2D902634B8AE3C651FF423FB,lens_icon,Lenses,1626288020607,0,0,"b'\x18\xb0k \xb0k*\x16quj7KxXvLgyn_dhR82hG9Q:\x04wwanB\x81\x01AppStateChangeEvent(appState=FOREGROUND, stateChangeTimestamp=NetworkTimeStamp(elapsedMillis=482634077, utcMillis=1626288014122))H\x00'"
3355,lens_icon.lens_icon-https://bolt-gcdn.sc-cdn.net/3/aStve9sLvOVEQMXQyu3bm?bo=EhgaABoAMgF9OgEEQgYIp6ry8AVIAlASYAE%3D&uc=18,14WJzGQJISNM1ZcO53tjoQ,341192039A0527EB8F01B1A5A7A69A64,lens_icon,Lenses,1626288020690,0,0,"b'\x18\xc2[ \xc2[*\x16quj7KxXvLgyn_dhR82hG9Q:\x04wwanB\x81\x01AppStateChangeEvent(appState=FOREGROUND, stateChangeTimestamp=NetworkTimeStamp(elapsedMillis=482634077, utcMillis=1626288014122))H\x00'"
3356,lens_icon.lens_icon-https://bolt-gcdn.sc-cdn.net/3/JTmIouCBFMaZmRj5pT0o8?bo=EhgaABoAMgF9OgEEQgYI0NXD8AVIAlASYAE%3D&uc=18,flWuTWdaSv2AyQRKRfkFEA,E129F18F90DCB3B4CB56154C37E0726C,lens_icon,Lenses,1626288020775,0,0,"b'\x18\xd4! \xd4!*\x16quj7KxXvLgyn_dhR82hG9Q:\x04wwanB\x81\x01AppStateChangeEvent(appState=FOREGROUND, stateChangeTimestamp=NetworkTimeStamp(elapsedMillis=482634077, utcMillis=1626288014122))H\x00'"
3357,lens_icon.lens_icon-https://bolt-gcdn.sc-cdn.net/3/Dk7KAEbr0hX9n6A0jm2qy?bo=EhgaABoAMgF9OgEEQgYItI_E8AVIAlASYAE%3D&uc=18,VxQl8oqpUoRbfHIsOAJdgA,3120DE20E665CF974F6B455017276DBF,lens_icon,Lenses,1626288020871,0,0,"b'\x18\xb6R \xb6R*\x16quj7KxXvLgyn_dhR82hG9Q:\x04wwanB\x81\x01AppStateChangeEvent(appState=FOREGROUND, stateChangeTimestamp=NetworkTimeStamp(elapsedMillis=482634077, utcMillis=1626288014122))H\x00'"
3358,lens_icon.lens_icon-https://bolt-gcdn.sc-cdn.net/3/SrfPuRuG7i6CGXHJEDz4Z?bo=EhgaABoAMgF9OgEEQgYIrqap8wVIAlASYAE%3D&uc=18,f7WhUHqmyLThr4x2KhxUig,7CB0A320D20B3B8A15A059D5595E44B1,lens_icon,Lenses,1626288020961,0,0,"b'\x18\xf6[ \xf6[*\x16quj7KxXvLgyn_dhR82hG9Q:\x04wwanB\x81\x01AppStateChangeEvent(appState=FOREGROUND, stateChangeTimestamp=NetworkTimeStamp(elapsedMillis=482634077, utcMillis=1626288014122))H\x00'"
3359,lens_icon.lens_icon-https://bolt-gcdn.sc-cdn.net/3/rh6pLgZFT2RSWr3w91kiV?bo=EhgaABoAMgF9OgEEQgYIhK39-gVIAlASYAE%3D&uc=18,xtE_qEus0qudzD1KfXrArQ,E2F83F76A758F49453939D8A9B3BF8D9,lens_icon,Lenses,1626288021052,0,0,"b'\x18\xf8< \xf8<*\x16quj7KxXvLgyn_dhR82hG9Q:\x04wwanB\x81\x01AppStateChangeEvent(appState=FOREGROUND, stateChangeTimestamp=NetworkTimeStamp(elapsedMillis=482634077, utcMillis=1626288014122))H\x00'"
3360,discover_story_streaming_snap.discover_story_streaming_snap-progressive_W7_EDlXWTBiXAEEniNoMPwAAYkhZpzbF_3ZgEAXnnlrhXAXnnlre5AO1OAA_NORMAL_COMPRESSION,UHHBduSFo5ljy5rJFHBh7w,06D4246A5BF4CD988111D671867083BD,discover_story_streaming_snap,DiscoverFeed,1626288021176,0,0,"b'\x18\x80\xf8\x0b \x80\xf8\x0b*\x16quj7KxXvLgyn_dhR82hG9Q:\x04wwanB\x81\x01AppStateChangeEvent(appState=FOREGROUND, stateChangeTimestamp=NetworkTimeStamp(elapsedMillis=482634077, utcMillis=1626288014122))H\x00'"
3361,discover_story_streaming_snap.discover_story_streaming_snap-progressive_W7_EDlXWTBiXAEEniNoMPwAAYkhZpzbF_3ZgEAXnnlrhXAXnnlre5AO1OAA_NORMAL_COMPRESSION_overlay,6a_SgOAiMgyZMmkeq5uffg,918EF49208C01B3CE9AFF091E87FF251,discover_story_streaming_snap,DiscoverFeed,1626288021185,0,0,"b'\x18\x80\x8a\x01 \xfe\x89\x01*\x16quj7KxXvLgyn_dhR82hG9Q:\x04wwanB\x81\x01AppStateChangeEvent(appState=FOREGROUND, stateChangeTimestamp=NetworkTimeStamp(elapsedMillis=482634077, utcMillis=1626288014122))H\x00'"
3362,lens_icon.lens_icon-https://bolt-gcdn.sc-cdn.net/3/XxtwnldVNlXwLV3Y6tub4?bo=EhgaABoAMgF9OgEEQgYI8tSu8wVIAlASYAE%3D&uc=18,MmphFkk8rAMOex5IfXs2Cg,26E3630418E05C86CAE0CA466E7F40A5,lens_icon,Lenses,1626288021189,0,0,"b'\x18\xca7 \xca7*\x16quj7KxXvLgyn_dhR82hG9Q:\x04wwanB\x81\x01AppStateChangeEvent(appState=FOREGROUND, stateChangeTimestamp=NetworkTimeStamp(elapsedMillis=482634077, utcMillis=1626288014122))H\x00'"
3363,discover_story_streaming_snap.discover_story_streaming_snap_ff-W7_EDlXWTBiXAEEniNoMPwAAYkhZpzbF_3ZgEAXnnlrhXAXnnlre5AO1OAA_first_frame https://cf-st.sc-cdn.net/d/FCBgioehITZPhBktHDA8X.39?uc=46,NULL_NETWORK_REQUEST_ID,8A5E98F4EE2C7EAFF46316ED17B3A124,discover_story_streaming_snap,DiscoverFeed,1626288021227,0,0,"b'\x18\x00 \xf0\xf7\x0b*\x16quj7KxXvLgyn_dhR82hG9Q:\x04wwanB\x81\x01AppStateChangeEvent(appState=FOREGROUND, stateChangeTimestamp=NetworkTimeStamp(elapsedMillis=482634077, utcMillis=1626288014122))H\x00'"
3364,lens_icon.lens_icon-https://bolt-gcdn.sc-cdn.net/3/PdJeObqXD9MJCdy2XjnGA?bo=EhgaABoAMgF9OgEEQgYIsrzP8AVIAlASYAE%3D&uc=18,C-vt5ZoKEzqCgOFRIHW0fw,903504220B7488F9C3AECF853C895D19,lens_icon,Lenses,1626288021277,0,0,"b'\x18\xd8) \xd8)*\x16quj7KxXvLgyn_dhR82hG9Q:\x04wwanB\x81\x01AppStateChangeEvent(appState=FOREGROUND, stateChangeTimestamp=NetworkTimeStamp(elapsedMillis=482634077, utcMillis=1626288014122))H\x00'"
3365,snap_loading_frame.snap_loading_frame-W7_EDlXWTBiXAEEniNoMPwAAYkhZpzbF_3ZgEAXnnlrhXAXnnlre5AO1OAA_first_frame,NULL_NETWORK_REQUEST_ID,45AC42C8E527EC1A94F2D2624CD8A047,snap_loading_frame,Stories,1626288021310,0,0,"b'\x18\x00 \xec\x07*\x16quj7KxXvLgyn_dhR82hG9Q:\x04wwanB\x81\x01AppStateChangeEvent(appState=FOREGROUND, stateChangeTimestamp=NetworkTimeStamp(elapsedMillis=482634077, utcMillis=1626288014122))H\x00'"
3366,snap_first_frame.snap_first_frame-W7_EDlXWTBiXAEEniNoMPwAAYkhZpzbF_3ZgEAXnnlrhXAXnnlre5AO1OAA_first_frame,NULL_NETWORK_REQUEST_ID,A7790A7F9AE561D954FF1D279E2B9BDE,snap_first_frame,Stories,1626288021323,0,0,"b'\x18\x00 \xd6\xc3\x02*\x16quj7KxXvLgyn_dhR82hG9Q:\x04wwanB\x81\x01AppStateChangeEvent(appState=FOREGROUND, stateChangeTimestamp=NetworkTimeStamp(elapsedMillis=482634077, utcMillis=1626288014122))H\x00'"
3367,lens_icon.lens_icon-https://bolt-gcdn.sc-cdn.net/3/yqrNtCmnKFJUD9mDCC58D?bo=EhgaABoAMgF9OgEEQgYIhtTG8QVIAlASYAE%3D&uc=18,-vqxDGeV3ZfIP0TE0kj1ng,EE5F46728A1A98D3EB06A79F0990D345,lens_icon,Lenses,1626288021364,0,0,"b'\x18\x96e \x96e*\x16quj7KxXvLgyn_dhR82hG9Q:\x04wwanB\x81\x01AppStateChangeEvent(appState=FOREGROUND, stateChangeTimestamp=NetworkTimeStamp(elapsedMillis=482634077, utcMillis=1626288014122))H\x00'"
3368,lens_icon.lens_icon-https://bolt-gcdn.sc-cdn.net/3/lB8tJ8l4VMT56XTts3Ikk?bo=EhgaABoAMgF9OgEEQgYItaW5_gVIAlASYAE%3D&uc=18,IIsBGsms-EWLDWwCYrgpxQ,3E1D5CAF92E39D83732D43E853C161CE,lens_icon,Lenses,1626288021450,0,0,"b'\x18\x8cS \x8cS*\x16quj7KxXvLgyn_dhR82hG9Q:\x04wwanB\x81\x01AppStateChangeEvent(appState=FOREGROUND, stateChangeTimestamp=NetworkTimeStamp(elapsedMillis=482634077, utcMillis=1626288014122))H\x00'"
3369,lens_icon.lens_icon-https://bolt-gcdn.sc-cdn.net/3/us2LoGUqSUXA0ykqKc1pU?bo=EhgaABoAMgF9OgEEQgYI1OH79wVIAlASYAE%3D&uc=18,5QzHJhy7EALv5He0no_Omw,A01CCB3DB079F53D46800A986C473079,lens_icon,Lenses,1626288021531,0,0,"b'\x18\xcc| \xcc|*\x16quj7KxXvLgyn_dhR82hG9Q:\x04wwanB\x81\x01AppStateChangeEvent(appState=FOREGROUND, stateChangeTimestamp=NetworkTimeStamp(elapsedMillis=482634077, utcMillis=1626288014122))H\x00'"
3370,lens_icon.lens_icon-https://bolt-gcdn.sc-cdn.net/3/dUzzxXN6XRz1gkq7DCzDa?bo=EhgaABoAMgF9OgEEQgYIzf_q_AVIAlASYAE%3D&uc=18,9p4utsRqoYRt2fK0FJ6rgg,1860054373B315B68571DE67DA56A41C,lens_icon,Lenses,1626288021617,0,0,"b'\x18\xecO \xecO*\x16quj7KxXvLgyn_dhR82hG9Q:\x04wwanB\x81\x01AppStateChangeEvent(appState=FOREGROUND, stateChangeTimestamp=NetworkTimeStamp(elapsedMillis=482634077, utcMillis=1626288014122))H\x00'"
3371,lens_icon.lens_icon-https://bolt-gcdn.sc-cdn.net/3/4HiljrtCqOJWxpZzSITnI?bo=EhgaABoAMgF9OgEEQgYI58_UhQZIAlASYAE%3D&uc=18,-RacG26MAAPd5pEMr96YeA,15639AA1B4290B2E00E74160763D4EF2,lens_icon,Lenses,1626288021735,0,0,"b'\x18\x96r \x96r*\x16quj7KxXvLgyn_dhR82hG9Q:\x04wwanB\x81\x01AppStateChangeEvent(appState=FOREGROUND, stateChangeTimestamp=NetworkTimeStamp(elapsedMillis=482634077, utcMillis=1626288014122))H\x00'"
3372,lens_icon.lens_icon-https://bolt-gcdn.sc-cdn.net/3/lH5MO46s8vFFq1VSg6QWq?bo=EhgaABoAMgF9OgEEQgYIopmR_AVIAlASYAE%3D&uc=18,9tkFFh7I-EowKC-VfBQA9Q,64A14618787DF50E59C81B6CD25DA9F1,lens_icon,Lenses,1626288021826,0,0,"b'\x18\xbeg \xbeg*\x16quj7KxXvLgyn_dhR82hG9Q:\x04wwanB\x81\x01AppStateChangeEvent(appState=FOREGROUND, stateChangeTimestamp=NetworkTimeStamp(elapsedMillis=482634077, utcMillis=1626288014122))H\x00'"
3373,lens_icon.lens_icon-https://bolt-gcdn.sc-cdn.net/3/TACknqtYlxRFbPvMGOQYx?bo=EhgaABoAMgF9OgEEQgYIxK3X9QVIAlASYAE%3D&uc=18,gBT1Hc3YuasxNzvI5LH4Aw,FC4B56F26FF8DEAC86B8FB4566ECDAE2,lens_icon,Lenses,1626288021912,0,0,"b'\x18\xaa% \xaa%*\x16quj7KxXvLgyn_dhR82hG9Q:\x04wwanB\x81\x01AppStateChangeEvent(appState=FOREGROUND, stateChangeTimestamp=NetworkTimeStamp(elapsedMillis=482634077, utcMillis=1626288014122))H\x00'"
3374,lens_icon.lens_icon-https://bolt-gcdn.sc-cdn.net/3/vtcgV0M9XDdPQAgFHiphC?bo=EhgaABoAMgF9OgEEQgYI27_D_gVIAlASYAE%3D&uc=18,1Nc66bwuTy9TRQb0cqX2jw,05D3BB884ACAC6EA144D8ABC960E1D9F,lens_icon,Lenses,1626288022013,0,0,"b'\x18\x84n \x84n*\x16quj7KxXvLgyn_dhR82hG9Q:\x04wwanB\x81\x01AppStateChangeEvent(appState=FOREGROUND, stateChangeTimestamp=NetworkTimeStamp(elapsedMillis=482634077, utcMillis=1626288014122))H\x00'"
3375,lens_icon.lens_icon-https://bolt-gcdn.sc-cdn.net/3/pEftAfwTJPAKroz2Go1Uf?bo=EhgaABoAMgF9OgEEQgYI5ZrQ8AVIAlASYAE%3D&uc=18,Ru1jKqTP_RKQtMiRq9O4AA,6C87E150C7B3A8B2E295C3010275A25F,lens_icon,Lenses,1626288022104,0,0,"b'\x18\xceJ \xceJ*\x16quj7KxXvLgyn_dhR82hG9Q:\x04wwanB\x81\x01AppStateChangeEvent(appState=FOREGROUND, stateChangeTimestamp=NetworkTimeStamp(elapsedMillis=482634077, utcMillis=1626288014122))H\x00'"
3376,lens_icon.lens_icon-https://bolt-gcdn.sc-cdn.net/3/6XPXlYOUmp1hBZ5yBmFZU?bo=EhgaABoAMgF9OgEEQgYI2IXAgwZIAlASYAE%3D&uc=18,gk5kmKgkFm-HQlP0FPHpBg,B74A6F7268DD6ECAEB1091E68A7E933F,lens_icon,Lenses,1626288022198,0,0,"b'\x18\xd8] \xd8]*\x16quj7KxXvLgyn_dhR82hG9Q:\x04wwanB\x81\x01AppStateChangeEvent(appState=FOREGROUND, stateChangeTimestamp=NetworkTimeStamp(elapsedMillis=482634077, utcMillis=1626288014122))H\x00'"
3377,lens_icon.lens_icon-https://bolt-gcdn.sc-cdn.net/3/RypLNFOHIJNZkHVvM7gO1?bo=EhgaABoAMgF9OgEEQgYIsIHagwZIAlASYAE%3D&uc=18,L24hMZJSHziYzsUlJjSctA,2D2FE0D3E315B5F89D7C8E4A3C1C9C7D,lens_icon,Lenses,1626288022296,0,0,"b'\x18\xd6G \xd6G*\x16quj7KxXvLgyn_dhR82hG9Q:\x04wwanB\x81\x01AppStateChangeEvent(appState=FOREGROUND, stateChangeTimestamp=NetworkTimeStamp(elapsedMillis=482634077, utcMillis=1626288014122))H\x00'"
3378,lens_icon.lens_icon-https://bolt-gcdn.sc-cdn.net/3/hmwa28oA4bF64pnXr0WVT?bo=EhgaABoAMgF9OgEEQgYIyseSgwZIAlASYAE%3D&uc=18,b9igvcmdTmjY1KkM-wK70A,3CC397FADCAB3BE588757A974B8587FD,lens_icon,Lenses,1626288022392,0,0,"b'\x18\xee? \xee?*\x16quj7KxXvLgyn_dhR82hG9Q:\x04wwanB\x81\x01AppStateChangeEvent(appState=FOREGROUND, stateChangeTimestamp=NetworkTimeStamp(elapsedMillis=482634077, utcMillis=1626288014122))H\x00'"
3379,lens_icon.lens_icon-https://bolt-gcdn.sc-cdn.net/3/RXB4RCjvDP52MO9b63XaH?bo=EhgaABoAMgF9OgEEQgYIzpG78wVIAlASYAE%3D&uc=18,8-0olYcXxHz-kmTTjxfiag,C8464F747AA458B32A9EE0E158398387,lens_icon,Lenses,1626288022486,0,0,"b'\x18\xbaK \xbaK*\x16quj7KxXvLgyn_dhR82hG9Q:\x04wwanB\x81\x01AppStateChangeEvent(appState=FOREGROUND, stateChangeTimestamp=NetworkTimeStamp(elapsedMillis=482634077, utcMillis=1626288014122))H\x00'"
3380,lens_icon.lens_icon-https://bolt-gcdn.sc-cdn.net/3/Bxqe1KAN8nKYFMtAatVCE?bo=EhgaABoAMgF9OgEEQgYI9Y6__gVIAlASYAE%3D&uc=18,5dCUpiN8Ch9rauCI1ixfrA,26BFF54477984FEF9EB877F375502A18,lens_icon,Lenses,1626288022582,0,0,"b'\x18\xd6+ \xd6+*\x16quj7KxXvLgyn_dhR82hG9Q:\x04wwanB\x81\x01AppStateChangeEvent(appState=FOREGROUND, stateChangeTimestamp=NetworkTimeStamp(elapsedMillis=482634077, utcMillis=1626288014122))H\x00'"
3381,lens_icon.lens_icon-https://bolt-gcdn.sc-cdn.net/3/OsnoUYysDerBVHrVuO9rm?bo=EhgaABoAMgF9OgEEQgYIqtWbhwZIAlASYAE%3D&uc=18,EvGVsPMcqyaGEbkC-MlL8Q,ADE2847EE95497B384E26A98EBF3193B,lens_icon,Lenses,1626288022681,0,0,"b'\x18\x86_ \x86_*\x16quj7KxXvLgyn_dhR82hG9Q:\x04wwanB\x81\x01AppStateChangeEvent(appState=FOREGROUND, stateChangeTimestamp=NetworkTimeStamp(elapsedMillis=482634077, utcMillis=1626288014122))H\x00'"
3382,lens_icon.lens_icon-https://bolt-gcdn.sc-cdn.net/3/BGbRjQZP649GmyimprZxN?bo=EhgaABoAMgF9OgEEQgYIjKau8wVIAlASYAE%3D&uc=18,sAC40_LwAbxtEX0Hh47pGQ,04CAD7267C90BD89D3E772300673D9E2,lens_icon,Lenses,1626288022778,0,0,"b'\x18\xd68 \xd68*\x16quj7KxXvLgyn_dhR82hG9Q:\x04wwanB\x81\x01AppStateChangeEvent(appState=FOREGROUND, stateChangeTimestamp=NetworkTimeStamp(elapsedMillis=482634077, utcMillis=1626288014122))H\x00'"
3383,lens_icon.lens_icon-https://bolt-gcdn.sc-cdn.net/3/z6No1SZ3fn76a0fcwNJjM?bo=EhgaABoAMgF9OgEEQgYIyvWDhAZIAlASYAE%3D&uc=18,xElcTQYIhd4RV7mswCfBHA,4C506CC349A237AA3E798FEA8AAF9585,lens_icon,Lenses,1626288022868,0,0,"b'\x18\xa0j \xa0j*\x16quj7KxXvLgyn_dhR82hG9Q:\x04wwanB\x81\x01AppStateChangeEvent(appState=FOREGROUND, stateChangeTimestamp=NetworkTimeStamp(elapsedMillis=482634077, utcMillis=1626288014122))H\x00'"
3384,lens_icon.lens_icon-https://bolt-gcdn.sc-cdn.net/3/xaE2J6ApctqT50bbUTd6y?bo=EhgaABoAMgF9OgEEQgYIup2w8gVIAlASYAE%3D&uc=18,1if1faqINQmi89n8uqs23Q,39FA92CE53E4767F708A7E3B3BE77876,lens_icon,Lenses,1626288022963,0,0,"b'\x18\x80f \x80f*\x16quj7KxXvLgyn_dhR82hG9Q:\x04wwanB\x81\x01AppStateChangeEvent(appState=FOREGROUND, stateChangeTimestamp=NetworkTimeStamp(elapsedMillis=482634077, utcMillis=1626288014122))H\x00'"
3385,lens_icon.lens_icon-https://bolt-gcdn.sc-cdn.net/3/25V1Cf7UJ8JnBbSXG2zNQ?bo=EhgaABoAMgF9OgEEQgYIgZjQgwZIAlASYAE%3D&uc=18,XC1MLGeP5jJiWx3c5Y59QA,C89CC95064E7589D4C1AB8250471D911,lens_icon,Lenses,1626288023049,0,0,"b'\x18\xacO \xacO*\x16quj7KxXvLgyn_dhR82hG9Q:\x04wwanB\x81\x01AppStateChangeEvent(appState=FOREGROUND, stateChangeTimestamp=NetworkTimeStamp(elapsedMillis=482634077, utcMillis=1626288014122))H\x00'"
3386,lens_icon.lens_icon-https://bolt-gcdn.sc-cdn.net/3/omELSQomoMOg4RuCBTLdQ?bo=EhgaABoAMgF9OgEEQgYIvc688AVIAlASYAE%3D&uc=18,4pWPDR8RnfcmjSwu77Mofw,ED41255A06C7709A02651F57DC95C5EB,lens_icon,Lenses,1626288023138,0,0,"b'\x18\xae3 \xae3*\x16quj7KxXvLgyn_dhR82hG9Q:\x04wwanB\x81\x01AppStateChangeEvent(appState=FOREGROUND, stateChangeTimestamp=NetworkTimeStamp(elapsedMillis=482634077, utcMillis=1626288014122))H\x00'"
3387,lens_icon.lens_icon-https://bolt-gcdn.sc-cdn.net/3/dpHxvEocxHl9MOWpeY8xn?bo=EhgaABoAMgF9OgEEQgYIyfOi-wVIAlASYAE%3D&uc=18,zFVlglcHNxSHogQ0rebNug,872A23CF4337D43AC6B922F38341F374,lens_icon,Lenses,1626288023228,0,0,"b'\x18\xfcE \xfcE*\x16quj7KxXvLgyn_dhR82hG9Q:\x04wwanB\x81\x01AppStateChangeEvent(appState=FOREGROUND, stateChangeTimestamp=NetworkTimeStamp(elapsedMillis=482634077, utcMillis=1626288014122))H\x00'"
3388,lens_icon.lens_icon-https://bolt-gcdn.sc-cdn.net/3/OdDmOjej5QGhznKOYeU9r?bo=EhgaABoAMgF9OgEEQgYIspGjggZIAlASYAE%3D&uc=18,R15ioTmc8xms21I3qX9kzQ,677BCB9C2A512926AEE9924A28909B93,lens_icon,Lenses,1626288023343,0,0,"b'\x18\xc8E \xc8E*\x16quj7KxXvLgyn_dhR82hG9Q:\x04wwanB\x81\x01AppStateChangeEvent(appState=FOREGROUND, stateChangeTimestamp=NetworkTimeStamp(elapsedMillis=482634077, utcMillis=1626288014122))H\x00'"
3389,lens_icon.lens_icon-https://bolt-gcdn.sc-cdn.net/3/f5EkjxKJMPJViYANpubh0?bo=EhgaABoAMgF9OgEEQgYIrf7g8QVIAlASYAE%3D&uc=18,Bh99ddOhx1pQiGtpiuxgZw,0815B9DA26F0E81164668E1296952645,lens_icon,Lenses,1626288023434,0,0,"b'\x18\xc0> \xc0>*\x16quj7KxXvLgyn_dhR82hG9Q:\x04wwanB\x81\x01AppStateChangeEvent(appState=FOREGROUND, stateChangeTimestamp=NetworkTimeStamp(elapsedMillis=482634077, utcMillis=1626288014122))H\x00'"
3390,lens_icon.lens_icon-https://bolt-gcdn.sc-cdn.net/3/Jew7T5SrPcoER8HDGiKsL?bo=EhgaABoAMgF9OgEEQgYI9Mn7-AVIAlASYAE%3D&uc=18,ye1yiihFeib6JXUJI1SwVw,62F4F892975E0BDAB18065240BCFC0E9,lens_icon,Lenses,1626288023516,0,0,"b'\x18\xd2c \xd2c*\x16quj7KxXvLgyn_dhR82hG9Q:\x04wwanB\x81\x01AppStateChangeEvent(appState=FOREGROUND, stateChangeTimestamp=NetworkTimeStamp(elapsedMillis=482634077, utcMillis=1626288014122))H\x00'"
3391,lens_icon.lens_icon-https://bolt-gcdn.sc-cdn.net/3/4o0SazWxAeItHZVSZbvsT?bo=EhgaABoAMgF9OgEEQgYI3ryChgZIAlASYAE%3D&uc=18,3CoypUkW5DyTW3rGTe4iKQ,CDE5D9E5C87185EBB3EFABEB452791EC,lens_icon,Lenses,1626288023616,0,0,"b'\x18\x84d \x84d*\x16quj7KxXvLgyn_dhR82hG9Q:\x04wwanB\x81\x01AppStateChangeEvent(appState=FOREGROUND, stateChangeTimestamp=NetworkTimeStamp(elapsedMillis=482634077, utcMillis=1626288014122))H\x00'"
3392,lens_icon.lens_icon-https://bolt-gcdn.sc-cdn.net/3/DppF1HnARaxE7Gri6z7av?bo=EhgaABoAMgF9OgEEQgYIqZ-QhwZIAlASYAE%3D&uc=18,e_HC0FWS6nv2KHhjiuLT8g,431BBDE1459D47D503075F1BC6F8C3A3,lens_icon,Lenses,1626288023711,0,0,"b'\x18\xe6g \xe6g*\x16quj7KxXvLgyn_dhR82hG9Q:\x04wwanB\x81\x01AppStateChangeEvent(appState=FOREGROUND, stateChangeTimestamp=NetworkTimeStamp(elapsedMillis=482634077, utcMillis=1626288014122))H\x00'"
3393,lens_icon.lens_icon-https://bolt-gcdn.sc-cdn.net/3/PgKtxVHn3xY1kcYQCcN4M?bo=EhgaABoAMgF9OgEEQgYIpO6chgZIAlASYAE%3D&uc=18,pQYxnj6nA9mEu5qkFJWtaQ,1E92B9BC1F2D33193526E293DDAF3D7E,lens_icon,Lenses,1626288023803,0,0,"b'\x18\xf6O \xf6O*\x16quj7KxXvLgyn_dhR82hG9Q:\x04wwanB\x81\x01AppStateChangeEvent(appState=FOREGROUND, stateChangeTimestamp=NetworkTimeStamp(elapsedMillis=482634077, utcMillis=1626288014122))H\x00'"
3394,lens_icon.lens_icon-https://bolt-gcdn.sc-cdn.net/3/AMf9PBKy0gexsp119aJwr?bo=EhgaABoAMgF9OgEEQgYIu8K4hwZIAlASYAE%3D&uc=18,c-QxnJCmld_dAKeHum75xg,2A3825AF4CEB053008E44325F798AC5B,lens_icon,Lenses,1626288027308,0,0,"b'\x18\xb4I \xb4I*\x16quj7KxXvLgyn_dhR82hG9Q:\x04wwanB\x81\x01AppStateChangeEvent(appState=FOREGROUND, stateChangeTimestamp=NetworkTimeStamp(elapsedMillis=482634077, utcMillis=1626288014122))H\x00'"
3395,lens_icon.lens_icon-https://bolt-gcdn.sc-cdn.net/3/VRBeiK3KeGwn1ZLmD9U8e?bo=EhgaABoAMgF9OgEEQgYImNuwhwZIAlASYAE%3D&uc=18,QMV30hyWmPZsuowvubbrdQ,10CFDB77A32D28F65A2016D11B0A6F76,lens_icon,Lenses,1626288027399,0,0,"b'\x18\xfa5 \xfa5*\x16quj7KxXvLgyn_dhR82hG9Q:\x04wwanB\x81\x01AppStateChangeEvent(appState=FOREGROUND, stateChangeTimestamp=NetworkTimeStamp(elapsedMillis=482634077, utcMillis=1626288014122))H\x00'"
3396,non_user_bitmoji.non_user_bitmoji-10226473~1~507025369_32-s5~WEBP,JKDoytp-6M2D61x2wpDA9w,F1148AF022814F23921071D6390F7B4B,non_user_bitmoji,Bitmoji,1626385768534,1626385768533,1626385768533,"b'\x18\x9a$ \x9a$*\x16quj7KxXvLgyn_dhR82hG9Q:\x04wwanB\x81\x01AppStateChangeEvent(appState=BACKGROUND, stateChangeTimestamp=NetworkTimeStamp(elapsedMillis=482647770, utcMillis=1626288027814))H\x00'"
3397,non_user_bitmoji.non_user_bitmoji-10225903~1~99183424123_22-s5~WEBP,KC1xPYio5BXmGmFVdU6HBQ,35C414C1326EC7FA158E7BA4731CC89E,non_user_bitmoji,Bitmoji,1626385768586,1626385768586,1626385768586,"b'\x18\x9a"" \x9a""*\x16quj7KxXvLgyn_dhR82hG9Q:\x04wwanB\x81\x01AppStateChangeEvent(appState=BACKGROUND, stateChangeTimestamp=NetworkTimeStamp(elapsedMillis=482647770, utcMillis=1626288027814))H\x00'"
3398,bitmoji_avatar.bitmoji_avatar-bitmoji_avatar200dbc4ca57-c294-4c69-a59e-1ce6728eeb01content://com.snapchat.android.provider/bitmoji/507025369_32-s5/10226473?feature=NOTIFICATIONS&animated=false&scale=1b0cfdf6b-ea91-4281-a20c-525110744632content://com.snapchat.android.provider/bitmoji/99183424123_22-s5/10225903?feature=NOTIFICATIONS&animated=false&scale=1,NULL_NETWORK_REQUEST_ID,39EC9715305C8A696D045CAAE9ADDCD4,bitmoji_avatar,core-ui,1626385768777,1626385768777,1626385768777,"b'\x18\x00 \x8a\x9e\x03*\x16quj7KxXvLgyn_dhR82hG9Q:\x04wwanB\x81\x01AppStateChangeEvent(appState=BACKGROUND, stateChangeTimestamp=NetworkTimeStamp(elapsedMillis=482647770, utcMillis=1626288027814))H\x00'"
3399,non_user_bitmoji.non_user_bitmoji-10226428~1~564819602_17-s5~WEBP,LIbRP8MTtLk4wHtcwjT34Q,2C400B83739B21D9EB0EDE2B0FCC36C4,non_user_bitmoji,Bitmoji,1626479797167,1626479797166,1626479797166,"b'\x18\xa4\x1e \xa4\x1e*\x16quj7KxXvLgyn_dhR82hG9Q:\x04wwanB\x81\x01AppStateChangeEvent(appState=BACKGROUND, stateChangeTimestamp=NetworkTimeStamp(elapsedMillis=482647770, utcMillis=1626288027814))H\x00'"
3400,non_user_bitmoji.non_user_bitmoji-10225903~1~534581010_140-s5~WEBP,8SkiWceSLoR1GIWQy0DPiA,E54CF3B8768E3E91AAD6AA2AD13B25B8,non_user_bitmoji,Bitmoji,1626479797217,1626479797197,1626479797197,"b'\x18\xd4% \xd4%*\x16quj7KxXvLgyn_dhR82hG9Q:\x04wwanB\x81\x01AppStateChangeEvent(appState=BACKGROUND, stateChangeTimestamp=NetworkTimeStamp(elapsedMillis=482647770, utcMillis=1626288027814))H\x00'"
3401,bitmoji_avatar.bitmoji_avatar-bitmoji_avatar200304eec58-37af-49fd-a096-e8090fccd2d2content://com.snapchat.android.provider/bitmoji/564819602_17-s5/10226428?feature=NOTIFICATIONS&animated=false&scale=130156785-c672-4df7-9a1a-1662990e8376content://com.snapchat.android.provider/bitmoji/534581010_140-s5/10225903?feature=NOTIFICATIONS&animated=false&scale=1,NULL_NETWORK_REQUEST_ID,320B748CDC65319FD1A3A894AD8CA2C4,bitmoji_avatar,core-ui,1626479797298,1626479797298,1626479797298,"b'\x18\x00 \xd0\x8d\x03*\x16quj7KxXvLgyn_dhR82hG9Q:\x04wwanB\x81\x01AppStateChangeEvent(appState=BACKGROUND, stateChangeTimestamp=NetworkTimeStamp(elapsedMillis=482647770, utcMillis=1626288027814))H\x00'"
3402,non_user_bitmoji.non_user_bitmoji-10226013~1~99323905581_17-s5~WEBP,RJZHlMOJBq55NRfMExICZw,1D5C10188A9C4D11A47B0DCA15D6AF6A,non_user_bitmoji,Bitmoji,1626546303177,1626546303177,1626546303177,"b'\x18\xc2\x1c \xc2\x1c*\x16quj7KxXvLgyn_dhR82hG9Q:\x04wwanB\x81\x01AppStateChangeEvent(appState=BACKGROUND, stateChangeTimestamp=NetworkTimeStamp(elapsedMillis=482647770, utcMillis=1626288027814))H\x00'"
3403,non_user_bitmoji.non_user_bitmoji-10225903~1~99060775146_2-s5~WEBP,9a8OFP1vPZD30aqhJgfXaA,0FFE99427F031F8406F191B70F376C27,non_user_bitmoji,Bitmoji,1626546303325,1626546303325,1626546303325,"b'\x18\x8e\x1d \x8e\x1d*\x16quj7KxXvLgyn_dhR82hG9Q:\x04wwanB\x81\x01AppStateChangeEvent(appState=BACKGROUND, stateChangeTimestamp=NetworkTimeStamp(elapsedMillis=482647770, utcMillis=1626288027814))H\x00'"
3404,bitmoji_avatar.bitmoji_avatar-bitmoji_avatar20004290dd8-b1f9-463c-8a33-19c87a300165content://com.snapchat.android.provider/bitmoji/99323905581_17-s5/10226013?feature=NOTIFICATIONS&animated=false&scale=16e63a0a3-7fe3-4dba-af79-0a809e178935content://com.snapchat.android.provider/bitmoji/99060775146_2-s5/10225903?feature=NOTIFICATIONS&animated=false&scale=1,NULL_NETWORK_REQUEST_ID,EE584010317BA0C0FB9CE58D51B8FBDF,bitmoji_avatar,core-ui,1626546303395,1626546303395,1626546303395,"b'\x18\x00 \xf2\xed\x02*\x16quj7KxXvLgyn_dhR82hG9Q:\x04wwanB\x81\x01AppStateChangeEvent(appState=BACKGROUND, stateChangeTimestamp=NetworkTimeStamp(elapsedMillis=482647770, utcMillis=1626288027814))H\x00'"
3405,non_user_bitmoji.non_user_bitmoji-10226710~1~567075005_83-s5~WEBP,NLOdeGInhLjMWw63lF-8CA,BB3A00FA96DAC137716B3EEDADE81631,non_user_bitmoji,Bitmoji,1626638739703,1626638739703,1626638739703,"b'\x18\xbe# \xbe#*\x16quj7KxXvLgyn_dhR82hG9Q:\x04wwanB\x81\x01AppStateChangeEvent(appState=BACKGROUND, stateChangeTimestamp=NetworkTimeStamp(elapsedMillis=482647770, utcMillis=1626288027814))H\x00'"
3406,non_user_bitmoji.non_user_bitmoji-10225903~1~99120150075_4-s5~WEBP,KVsSYSod9s9pcAwZ1RoGzg,E3365D788D2EDABBCBC895DEF38B4B83,non_user_bitmoji,Bitmoji,1626638739712,1626638739712,1626638739712,"b'\x18\x92* \x92**\x16quj7KxXvLgyn_dhR82hG9Q:\x04wwanB\x81\x01AppStateChangeEvent(appState=BACKGROUND, stateChangeTimestamp=NetworkTimeStamp(elapsedMillis=482647770, utcMillis=1626288027814))H\x00'"
3407,non_user_bitmoji.non_user_bitmoji-20047848~1~99005793035_12-s5~WEBP,kOvgSTdRumc7f4lD7nKPHA,8AF82613DE42C29DF538157B491C932F,non_user_bitmoji,Bitmoji,1626731141685,1626731141685,1626731141685,"b'\x18\x8c# \x8c#*\x16quj7KxXvLgyn_dhR82hG9Q:\x04wwanB\x81\x01AppStateChangeEvent(appState=BACKGROUND, stateChangeTimestamp=NetworkTimeStamp(elapsedMillis=482647770, utcMillis=1626288027814))H\x00'"
3408,non_user_bitmoji.non_user_bitmoji-10225903~1~401737915_21-s4~WEBP,AXYfT4OO8I2lDCnpJbVZKg,BFBDC2F89041895124F50295302CBAC5,non_user_bitmoji,Bitmoji,1626731141711,1626731141711,1626731141711,"b'\x18\xda\x1b \xda\x1b*\x16quj7KxXvLgyn_dhR82hG9Q:\x04wwanB\x81\x01AppStateChangeEvent(appState=BACKGROUND, stateChangeTimestamp=NetworkTimeStamp(elapsedMillis=482647770, utcMillis=1626288027814))H\x00'"
3409,bitmoji_avatar.bitmoji_avatar-bitmoji_avatar200992718b4-8cb8-4229-8e21-3e4e08c898a2content://com.snapchat.android.provider/bitmoji/99005793035_12-s5/20047848?feature=NOTIFICATIONS&animated=false&scale=1effe4305-ebff-4c6f-97c6-567978d3bb74content://com.snapchat.android.provider/bitmoji/401737915_21-s4/10225903?feature=NOTIFICATIONS&animated=false&scale=1,NULL_NETWORK_REQUEST_ID,FBC9F08E0F1489B4B576870E1350A9F5,bitmoji_avatar,core-ui,1626731141791,1626731141791,1626731141791,"b'\x18\x00 \xcf\xd4\x02*\x16quj7KxXvLgyn_dhR82hG9Q:\x04wwanB\x81\x01AppStateChangeEvent(appState=BACKGROUND, stateChangeTimestamp=NetworkTimeStamp(elapsedMillis=482647770, utcMillis=1626288027814))H\x00'"
3410,non_user_bitmoji.non_user_bitmoji-20052155~1~360655479_95-s5~WEBP,ui39fYQlPqmyfFi0cXv9fQ,D74C142A1F125AAD4EA57B356AFFEE46,non_user_bitmoji,Bitmoji,1626732973190,1626732973189,1626732973189,"b'\x18\x84\x1c \x84\x1c*\x16quj7KxXvLgyn_dhR82hG9Q:\x04wwanB\x81\x01AppStateChangeEvent(appState=BACKGROUND, stateChangeTimestamp=NetworkTimeStamp(elapsedMillis=482647770, utcMillis=1626288027814))H\x00'"
3411,non_user_bitmoji.non_user_bitmoji-10225903~1~351729214_45-s5~WEBP,DqAQtLQy1AE9IyMg_RSdyw,9F7CE7385D20707BEBD891EBE340FC95,non_user_bitmoji,Bitmoji,1626732973221,1626732973221,1626732973221,"b'\x18\xb4+ \xb4+*\x16quj7KxXvLgyn_dhR82hG9Q:\x04wwanB\x81\x01AppStateChangeEvent(appState=BACKGROUND, stateChangeTimestamp=NetworkTimeStamp(elapsedMillis=482647770, utcMillis=1626288027814))H\x00'"
3412,non_user_bitmoji.non_user_bitmoji-10226396~1~300741710_58-s5~WEBP,QIzIXV5lmFAJwM8dR8ke8g,C08551857758844D6036CC8B7D74C28C,non_user_bitmoji,Bitmoji,1626813254749,1626813254749,1626813254749,"b'\x18\xf0  \xf0 *\x16quj7KxXvLgyn_dhR82hG9Q:\x04wwanB\x81\x01AppStateChangeEvent(appState=BACKGROUND, stateChangeTimestamp=NetworkTimeStamp(elapsedMillis=482647770, utcMillis=1626288027814))H\x00'"
3413,non_user_bitmoji.non_user_bitmoji-10225903~1~99300397381_1-s5~WEBP,wgvjP6_qs3z2vYPV9gwYpg,1A37E22E1A7DBDDF0E6B8751314C4D52,non_user_bitmoji,Bitmoji,1626813254932,1626813254932,1626813254932,"b'\x18\xf8  \xf8 *\x16quj7KxXvLgyn_dhR82hG9Q:\x04wwanB\x81\x01AppStateChangeEvent(appState=BACKGROUND, stateChangeTimestamp=NetworkTimeStamp(elapsedMillis=482647770, utcMillis=1626288027814))H\x00'"
3414,non_user_bitmoji.non_user_bitmoji-10225903~1~479265768_18-s5~WEBP,8GwIPpC2ehq-CC5Vj5s2OQ,D0F2B16E3BAF5CA69E5990949D0828CA,non_user_bitmoji,Bitmoji,1626833691055,1626833691055,1626833691055,"b'\x18\xe8\x18 \xe8\x18*\x16quj7KxXvLgyn_dhR82hG9Q:\x04wwanB\x81\x01AppStateChangeEvent(appState=BACKGROUND, stateChangeTimestamp=NetworkTimeStamp(elapsedMillis=482647770, utcMillis=1626288027814))H\x00'"
3415,non_user_bitmoji.non_user_bitmoji-10226017~1~543860410_3-s5~WEBP,KARyjDLCMZRL1VCCRsUnSg,C1DCE853C6F7F5FAA9F42455551CC52E,non_user_bitmoji,Bitmoji,1626833691185,1626833691185,1626833691185,"b""\x18\xc2' \xc2'*\x16quj7KxXvLgyn_dhR82hG9Q:\x04wwanB\x81\x01AppStateChangeEvent(appState=BACKGROUND, stateChangeTimestamp=NetworkTimeStamp(elapsedMillis=482647770, utcMillis=1626288027814))H\x00"""
3416,non_user_bitmoji.non_user_bitmoji-10225903~1~511577009_55-s5~WEBP,okCMp94ie4BdI8NNL7GTHQ,D8F9112533DE5574551D56408E170ED7,non_user_bitmoji,Bitmoji,1626884669221,1626884669221,1626884669221,"b'\x18\xe0\x1e \xe0\x1e*\x16quj7KxXvLgyn_dhR82hG9Q:\x04wwanB\x81\x01AppStateChangeEvent(appState=BACKGROUND, stateChangeTimestamp=NetworkTimeStamp(elapsedMillis=482647770, utcMillis=1626288027814))H\x00'"
3417,non_user_bitmoji.non_user_bitmoji-10226557~1~99305279242_1-s5~WEBP,b-fWtml5joX0z4r6ElSDrw,688DDC9E82C6C27E64C5488B44F0DD8B,non_user_bitmoji,Bitmoji,1626884669269,1626884669269,1626884669269,"b'\x18\x9e, \x9e,*\x16quj7KxXvLgyn_dhR82hG9Q:\x04wwanB\x81\x01AppStateChangeEvent(appState=BACKGROUND, stateChangeTimestamp=NetworkTimeStamp(elapsedMillis=482647770, utcMillis=1626288027814))H\x00'"
3418,bitmoji_avatar.bitmoji_avatar-bitmoji_avatar20056c79327-2e1f-4157-8f55-23452a0bf553content://com.snapchat.android.provider/bitmoji/99305279242_1-s5/10226557?feature=NOTIFICATIONS&animated=false&scale=18527c166-8bb6-4536-82c9-9c63129ff4e5content://com.snapchat.android.provider/bitmoji/511577009_55-s5/10225903?feature=NOTIFICATIONS&animated=false&scale=1,NULL_NETWORK_REQUEST_ID,60163665F730B7868BD8CCFA8B94F8A2,bitmoji_avatar,core-ui,1626884669342,1626884669342,1626884669342,"b'\x18\x00 \xf4\xce\x03*\x16quj7KxXvLgyn_dhR82hG9Q:\x04wwanB\x81\x01AppStateChangeEvent(appState=BACKGROUND, stateChangeTimestamp=NetworkTimeStamp(elapsedMillis=482647770, utcMillis=1626288027814))H\x00'"
3419,non_user_bitmoji.non_user_bitmoji-10226430~1~99262669915_7-s5~WEBP,4a4CEad3qRImHFV99Ioy2A,9C07DC28B4660EC249BE4B49DB976406,non_user_bitmoji,Bitmoji,1626886470761,1626886470761,1626886470761,"b'\x18\x86, \x86,*\x16quj7KxXvLgyn_dhR82hG9Q:\x04wwanB\x81\x01AppStateChangeEvent(appState=BACKGROUND, stateChangeTimestamp=NetworkTimeStamp(elapsedMillis=482647770, utcMillis=1626288027814))H\x00'"
3420,non_user_bitmoji.non_user_bitmoji-10225903~1~99098191741_37-s5~WEBP,-N7CxGLMSG8njhUlPHOGJg,B762730C17865F8B4CECA9BFC6CCCA89,non_user_bitmoji,Bitmoji,1626886470795,1626886470795,1626886470795,"b'\x18\xcc, \xcc,*\x16quj7KxXvLgyn_dhR82hG9Q:\x04wwanB\x81\x01AppStateChangeEvent(appState=BACKGROUND, stateChangeTimestamp=NetworkTimeStamp(elapsedMillis=482647770, utcMillis=1626288027814))H\x00'"
3421,bitmoji_avatar.bitmoji_avatar-bitmoji_avatar200c8c6cd7e-1eeb-43ce-9f87-7a35888e1c4acontent://com.snapchat.android.provider/bitmoji/99262669915_7-s5/10226430?feature=NOTIFICATIONS&animated=false&scale=1370dc130-cd5f-4df0-96b7-87ca7f1a8f5dcontent://com.snapchat.android.provider/bitmoji/99098191741_37-s5/10225903?feature=NOTIFICATIONS&animated=false&scale=1,NULL_NETWORK_REQUEST_ID,13A4AFDFE6896FF0EAB2060EE7FEF9F5,bitmoji_avatar,core-ui,1626886470875,1626886470875,1626886470875,"b'\x18\x00 \xe2\x85\x03*\x16quj7KxXvLgyn_dhR82hG9Q:\x04wwanB\x81\x01AppStateChangeEvent(appState=BACKGROUND, stateChangeTimestamp=NetworkTimeStamp(elapsedMillis=482647770, utcMillis=1626288027814))H\x00'"
