download_id,key,value
364,update_id,65
364,private_state_catalyst_download,false
365,update_id,66
365,private_state_catalyst_download,false
365,multifile_download_id,365
366,update_id,66
366,multifile_download_id,365
366,module_id,232
366,private_state_catalyst_download,false
367,update_id,66
367,multifile_download_id,365
367,module_id,233
367,private_state_catalyst_download,false
368,update_id,66
368,multifile_download_id,365
368,module_id,234
368,private_state_catalyst_download,false
369,update_id,66
369,multifile_download_id,365
369,module_id,235
369,private_state_catalyst_download,false
370,update_id,66
370,multifile_download_id,365
370,module_id,236
370,private_state_catalyst_download,false
371,update_id,66
371,multifile_download_id,365
371,module_id,237
371,private_state_catalyst_download,false
372,update_id,66
372,multifile_download_id,365
372,module_id,238
372,private_state_catalyst_download,false
373,update_id,66
373,multifile_download_id,365
373,module_id,239
373,private_state_catalyst_download,false
374,update_id,66
374,multifile_download_id,365
374,module_id,240
374,private_state_catalyst_download,false
375,update_id,66
375,multifile_download_id,365
375,module_id,241
375,private_state_catalyst_download,false
376,update_id,66
376,multifile_download_id,365
376,module_id,242
376,private_state_catalyst_download,false
377,update_id,66
377,multifile_download_id,365
377,module_id,243
377,private_state_catalyst_download,false
389,update_id,67
389,private_state_catalyst_download,false
389,multifile_download_id,389
390,update_id,67
390,multifile_download_id,389
390,module_id,244
390,private_state_catalyst_download,false
391,update_id,67
391,multifile_download_id,389
391,module_id,245
391,private_state_catalyst_download,false
