fromPackageName,fromVersion,fromUser,toPackageName,toVersion,isCommitted,token,provenance
com.google.android.gms.languageprofile,202,,com.google.android.gms.mdisync,1,0,b'\x08\x03\x12\x07\x15\x02\xe0\xee\xa6\x0b\x01',3
com.google.android.gms.languageprofile,202,heisenbergcarro@gmail.com,com.google.android.gms.mdisync,1,0,b'\x08\x03\x12\x07\x15\x02\xe0\xee\xa6\x0b\x01',3
com.google.android.gms.languageprofile,202,,com.google.android.gms.mdisync,1,1,b'\x08\x03\x12\x07\x15\x02\xe0\xee\xa6\x0b\x01',3
com.google.android.apps.turbo,10238605,,com.google.android.gms.tron.metrics,230,0,b'\x08\x03\x12\x06\r\x03\xca\x9a\xf7\r',3
com.google.android.metrics,223,,com.google.android.gms.tron.metrics,230,0,b'\x08\x03\x12\t\x15\x00\xa8\xec\xe7\x0e/\x03\x03',3
com.google.android.apps.turbo,10238605,heisenbergcarro@gmail.com,com.google.android.gms.tron.metrics,230,0,b'\x08\x03\x12\x06\r\x03\xca\x9a\xf7\r',3
com.google.android.metrics,223,heisenbergcarro@gmail.com,com.google.android.gms.tron.metrics,230,0,b'\x08\x03\x12\t\x15\x00\xa8\xec\xe7\x0e/\x03\x03',3
com.google.android.metrics,223,,com.google.android.gms.playlog.uploader,229,1,b'\x08\x03\x12\t\x15\x00\xa8\xec\xe7\x0e/\x03\x03',3
com.google.android.metrics,223,,com.google.android.gms.tron.metrics,230,1,b'\x08\x03\x12\t\x15\x00\xa8\xec\xe7\x0e/\x03\x03',3
com.google.android.metrics,223,,com.google.android.gms.playlog.uploader,229,1,b'\x08\x03\x12\t\x15\x00\xa8\xec\xe7\x0e/\x03\x03',3
com.google.android.metrics,223,,com.google.android.gms.playlog.uploader,229,1,b'\x08\x03\x12\t\x15\x00\xa8\xec\xe7\x0e/\x03\x03',3
com.google.android.metrics,223,,com.google.android.gms.playlog.uploader,229,1,b'\x08\x03\x12\t\x15\x00\xa8\xec\xe7\x0e/\x03\x03',3
com.google.android.metrics,223,,com.google.android.gms.playlog.uploader,229,1,b'\x08\x03\x12\t\x15\x00\xa8\xec\xe7\x0e/\x03\x03',3
com.google.android.metrics,223,,com.google.android.gms.playlog.uploader,229,1,b'\x08\x03\x12\t\x15\x00\xa8\xec\xe7\x0e/\x03\x03',3
com.google.android.metrics,223,,com.google.android.gms.playlog.uploader,229,1,b'\x08\x03\x12\t\x15\x00\xa8\xec\xe7\x0e/\x03\x03',3
com.google.android.gms,212,,com.google.android.gms.vision,2073,0,b'\x08\x03\x12\x08\x15\x01\xd7\x8b\xed\x0f\xd2\n',3
com.google.android.gms,212,heisenbergcarro@gmail.com,com.google.android.gms.vision,2073,0,b'\x08\x03\x12\x08\x15\x01\xd7\x8b\xed\x0f\xd2\n',3
com.google.android.metrics,223,,com.google.android.gms.playlog.uploader,229,1,b'\x08\x03\x12\t\x15\x00\xa8\xec\xe7\x0e/\x03\x03',3
com.google.android.metrics,223,,com.google.android.gms.playlog.uploader,229,1,b'\x08\x03\x12\t\x15\x00\xa8\xec\xe7\x0e/\x03\x03',3
com.google.android.gms.icing.mdd,361233441,,com.google.android.gms.autofill,26000,1,b'\x08\x03\x12\x0c\x15\r\xae\xf6\x93\x0c\x04k\x04\xae\x06\x04',3
com.google.android.metrics,223,,com.google.android.gms.playlog.uploader,229,1,b'\x08\x03\x12\t\x15\x00\xa8\xec\xe7\x0e/\x03\x03',3
com.google.android.gms.icing.mdd,361233441,,com.google.android.gms.autofill,26000,0,b'\x08\x03\x12\x0c\x15\r\xae\xf6\x93\x0c\x04k\x04\xae\x06\x04',3
com.google.android.gms.icing.mdd#com.google.android.apps.photos,361233441,,com.google.android.gms.autofill,26000,0,b'\x08\x03\x12\x0c\x15\r\xae\xf6\x93\x0c\x04k\x04\xae\x06\x04',3
com.google.android.gms.icing.mdd#com.google.android.gms,361233441,,com.google.android.gms.autofill,26000,0,b'\x08\x03\x12\x0c\x15\r\xae\xf6\x93\x0c\x04k\x04\xae\x06\x04',3
com.google.android.gms.icing.mdd#com.google.android.googlequicksearchbox,361233441,,com.google.android.gms.autofill,26000,0,b'\x08\x03\x12\x0c\x15\r\xae\xf6\x93\x0c\x04k\x04\xae\x06\x04',3
com.google.android.gms.icing.mdd,361233441,heisenbergcarro@gmail.com,com.google.android.gms.autofill,26000,0,b'\x08\x03\x12\x0c\x15\r\xae\xf6\x93\x0c\x04k\x04\xae\x06\x04',3
com.google.android.gms.icing.mdd#com.google.android.apps.photos,361233441,heisenbergcarro@gmail.com,com.google.android.gms.autofill,26000,0,b'\x08\x03\x12\x0c\x15\r\xae\xf6\x93\x0c\x04k\x04\xae\x06\x04',3
com.google.android.gms.icing.mdd#com.google.android.gms,361233441,heisenbergcarro@gmail.com,com.google.android.gms.autofill,26000,0,b'\x08\x03\x12\x0c\x15\r\xae\xf6\x93\x0c\x04k\x04\xae\x06\x04',3
com.google.android.gms.icing.mdd#com.google.android.googlequicksearchbox,361233441,heisenbergcarro@gmail.com,com.google.android.gms.autofill,26000,0,b'\x08\x03\x12\x0c\x15\r\xae\xf6\x93\x0c\x04k\x04\xae\x06\x04',3
com.google.android.gms.icing.mdd,361233441,,com.google.android.gms.autofill,26000,1,b'\x08\x03\x12\x0c\x15\r\xae\xf6\x93\x0c\x04k\x04\xae\x06\x04',3
com.google.android.gms.icing.mdd,361233441,,com.google.android.gms.autofill,26000,1,b'\x08\x03\x12\x0c\x15\r\xae\xf6\x93\x0c\x04k\x04\xae\x06\x04',3
com.google.android.metrics,223,,com.google.android.gms.playlog.uploader,229,1,b'\x08\x03\x12\t\x15\x00\xa8\xec\xe7\x0e/\x03\x03',3
com.google.android.metrics,223,,com.google.android.gms.playlog.uploader,229,1,b'\x08\x03\x12\t\x15\x00\xa8\xec\xe7\x0e/\x03\x03',3
com.google.android.metrics,223,,com.google.android.gms.playlog.uploader,229,1,b'\x08\x03\x12\t\x15\x00\xa8\xec\xe7\x0e/\x03\x03',3
com.google.android.gms,212,,com.google.android.gms.instantapps,232,0,b'\x08\x03\x12\x06\r\x03\xa6\x98\xed\x0f',3
com.google.android.gms,212,heisenbergcarro@gmail.com,com.google.android.gms.instantapps,232,0,b'\x08\x03\x12\x06\r\x03\xa6\x98\xed\x0f',3
com.google.android.gms,212,,com.google.android.gms.icing,99999,0,b'\x08\x03\x12\x06\r\x03\xa6\x98\xed\x0f',3
com.google.android.googlequicksearchbox,301152851,,com.google.android.gms.icing,99999,0,b'\x08\x03\x12\x07%\x02\x87\xa4\xa5\x11\x06',3
com.google.android.gms,212,heisenbergcarro@gmail.com,com.google.android.gms.icing,99999,0,b'\x08\x03\x12\x06\r\x03\xa6\x98\xed\x0f',3
com.google.android.googlequicksearchbox,301152851,heisenbergcarro@gmail.com,com.google.android.gms.icing,99999,0,b'\x08\x03\x12\x07%\x02\x87\xa4\xa5\x11\x06',3
com.google.android.metrics,223,,com.google.android.gms.playlog.uploader,229,1,b'\x08\x03\x12\t\x15\x00\xa8\xec\xe7\x0e/\x03\x03',3
com.google.android.metrics,223,,com.google.android.gms.playlog.uploader,229,1,b'\x08\x03\x12\t\x15\x00\xa8\xec\xe7\x0e/\x03\x03',3
com.google.android.gms.icing,99999,,com.google.android.googlequicksearchbox,301152851,1,b'\x08\x03\x12\x07\x15\x02\x95\x8d\xe5\x0e\x04',3
com.google.android.metrics,223,,com.google.android.gms.playlog.uploader,229,1,b'\x08\x03\x12\t\x15\x00\xa8\xec\xe7\x0e/\x03\x03',3
com.google.android.metrics,223,,com.google.android.gms.playlog.uploader,229,1,b'\x08\x03\x12\t\x15\x00\xa8\xec\xe7\x0e/\x03\x03',3
com.google.android.gms,212,,com.google.android.gms.auth_account,212418000,0,b'\x08\x03\x12\x06\r\x03\xa6\x98\xed\x0f',3
com.google.android.gms.nearby,212418000,,com.google.android.gms.auth_account,212418000,0,b'\x08\x03\x12\x07\x15\x02\x87\xc6\xe1\r\x04',3
com.google.android.gms,212,heisenbergcarro@gmail.com,com.google.android.gms.auth_account,212418000,0,b'\x08\x03\x12\x06\r\x03\xa6\x98\xed\x0f',3
com.google.android.gms.nearby,212418000,heisenbergcarro@gmail.com,com.google.android.gms.auth_account,212418000,0,b'\x08\x03\x12\x07\x15\x02\x87\xc6\xe1\r\x04',3
com.google.android.gms.auth_account,212418000,,com.google.android.gms.ulr,212418000,0,b'\x08\x03\x12\x07\x15\x02\xdf\xe3\x89\x0c\x04',3
com.google.android.gms.auth_account,212418000,heisenbergcarro@gmail.com,com.google.android.gms.ulr,212418000,0,b'\x08\x03\x12\x07\x15\x02\xdf\xe3\x89\x0c\x04',3
com.google.android.gms.nearby,212418000,,com.google.android.gms.smartdevice,212418000,0,b'\x08\x03\x12\x07\x15\x02\x87\xc6\xe1\r\x04',3
com.google.android.gms.nearby,212418000,heisenbergcarro@gmail.com,com.google.android.gms.smartdevice,212418000,0,b'\x08\x03\x12\x07\x15\x02\x87\xc6\xe1\r\x04',3
com.google.android.metrics,223,,com.google.android.gms.playlog.uploader,229,1,b'\x08\x03\x12\t\x15\x00\xa8\xec\xe7\x0e/\x03\x03',3
com.google.android.metrics,223,,com.google.android.gms.playlog.uploader,229,1,b'\x08\x03\x12\t\x15\x00\xa8\xec\xe7\x0e/\x03\x03',3
com.google.android.gms.icing,99999,,com.google.android.googlequicksearchbox,301152851,1,b'\x08\x03\x12\x07\x15\x02\x95\x8d\xe5\x0e\x04',3
com.google.android.gms.auth_account,212418000,,com.google.android.gms.ulr,212418000,1,b'\x08\x03\x12\x07\x15\x02\xdf\xe3\x89\x0c\x04',3
com.google.android.gms.autofill,26000,,com.google.android.gms.wallet,212418000,1,b'\x08\x03\x12\x07\x15\x02\x9a\xd4\xe8\r\x04',3
com.google.android.metrics,223,,com.google.android.gms.playlog.uploader,229,1,b'\x08\x03\x12\t\x15\x00\xa8\xec\xe7\x0e/\x03\x03',3
com.google.android.metrics,223,,com.google.android.gms.playlog.uploader,229,1,b'\x08\x03\x12\t\x15\x00\xa8\xec\xe7\x0e/\x03\x03',3
com.google.android.gms.icing.mdd#com.google.android.googlequicksearchbox,361233441,,com.google.android.gms.autofill,26000,1,b'\x08\x03\x12\x0c\x15\r\xae\xf6\x93\x0c\x04k\x04\xae\x06\x04',3
com.google.android.gms.icing,99999,,com.google.android.googlequicksearchbox,301152851,1,b'\x08\x03\x12\x07\x15\x02\x95\x8d\xe5\x0e\x04',3
com.google.android.metrics,223,,com.google.android.gms.playlog.uploader,229,1,b'\x08\x03\x12\t\x15\x00\xa8\xec\xe7\x0e/\x03\x03',3
com.google.android.metrics,223,,com.google.android.gms.playlog.uploader,229,1,b'\x08\x03\x12\t\x15\x00\xa8\xec\xe7\x0e/\x03\x03',3
com.google.android.gms.icing,99999,,com.google.android.googlequicksearchbox,301152851,1,b'\x08\x03\x12\x07\x15\x02\x95\x8d\xe5\x0e\x04',3
com.google.android.gms,212,,com.google.android.gms.kids,1,0,b'\x08\x03\x12\x0f\x15\n\xca\x92\xed\x0f\x05\x9d\x03\x057\x05\xc2\x05\x05',3
com.google.android.gms,212,heisenbergcarro@gmail.com,com.google.android.gms.kids,1,0,b'\x08\x03\x12\x0f\x15\n\xca\x92\xed\x0f\x05\x9d\x03\x057\x05\xc2\x05\x05',3
com.google.android.metrics,223,,com.google.android.gms.playlog.uploader,229,1,b'\x08\x03\x12\t\x15\x00\xa8\xec\xe7\x0e/\x03\x03',3
com.google.android.metrics,223,,com.google.android.gms.playlog.uploader,229,1,b'\x08\x03\x12\t\x15\x00\xa8\xec\xe7\x0e/\x03\x03',3
com.google.android.gms.icing,99999,,com.google.android.googlequicksearchbox,301152851,1,b'\x08\x03\x12\x07\x15\x02\x95\x8d\xe5\x0e\x04',3
com.google.android.gms.icing.mdd#com.google.android.apps.photos,361233441,,com.google.android.gms.autofill,26000,1,b'\x08\x03\x12\x0c\x15\r\xae\xf6\x93\x0c\x04k\x04\xae\x06\x04',3
com.google.android.projection.gearhead,64611714,,com.google.android.googlequicksearchbox,301152851,1,b'\x08\x03\x12A\x158\xc0\xcc\xcf\r\x05\x98\x06\x05\xd2\x04\x06w\x05\xfe\x05\x05\xa0\x06\x05\x01\x05F\x05\x15\x05\x01\x05-\x05\x1d\x05\xfd\x06\x05\xc2\x04\x05\xbc\x06\x05\x02\x05\x95\x06\x05\xe8\x05\x05U\x05\xb8\x04\x05\xf0\x06\x05\x0eU\x93\x03\x05Q\x05',3
com.google.android.gms,212,,com.google.android.gms.playlog.uploader,229,0,b'\x08\x03\x12\r\r\x03\xa6\x98\xed\x0f\x15\x02\x82\x99\xed\x0f\x05',3
com.google.android.metrics,223,,com.google.android.gms.playlog.uploader,229,0,b'\x08\x03\x12\t\x15\x00\xa8\xec\xe7\x0e/\x03\x03',3
com.google.android.westworld,1,,com.google.android.gms.playlog.uploader,229,0,"b""\x08\x03\x12k\x15n\x82\xa5\xc2\x0bu\x04>\x03\xfd\x05\xf2\x02\xf1\x02\x1f\x16\x13\xaa\x06^\x11Y2\x03\t\x06D\x06\x1aN\x04:0'&\x0fp\x05\x82\x06Mp(S\xd7\x06\x7f\xd7\x04\xb5\x06V\x05\x1d\xfd\x05\x04\x07\xce\x06[\x05P\x02\xdb\x06\x9f\x06\xa2\x04\x05f\xdd\x04\x05\x02\x05I\x05u>\x05O\x06\xd2\x04\x05\x8b\x02\x05\x1c\x05iM\x05\xc0\x8a\x81\r=p\x05\xc9\x01\x05""",3
com.google.android.gms,212,heisenbergcarro@gmail.com,com.google.android.gms.playlog.uploader,229,0,b'\x08\x03\x12\r\r\x03\xa6\x98\xed\x0f\x15\x02\x82\x99\xed\x0f\x05',3
com.google.android.metrics,223,heisenbergcarro@gmail.com,com.google.android.gms.playlog.uploader,229,0,b'\x08\x03\x12\t\x15\x00\xa8\xec\xe7\x0e/\x03\x03',3
com.google.android.westworld,1,heisenbergcarro@gmail.com,com.google.android.gms.playlog.uploader,229,0,"b""\x08\x03\x12k\x15n\x82\xa5\xc2\x0bu\x04>\x03\xfd\x05\xf2\x02\xf1\x02\x1f\x16\x13\xaa\x06^\x11Y2\x03\t\x06D\x06\x1aN\x04:0'&\x0fp\x05\x82\x06Mp(S\xd7\x06\x7f\xd7\x04\xb5\x06V\x05\x1d\xfd\x05\x04\x07\xce\x06[\x05P\x02\xdb\x06\x9f\x06\xa2\x04\x05f\xdd\x04\x05\x02\x05I\x05u>\x05O\x06\xd2\x04\x05\x8b\x02\x05\x1c\x05iM\x05\xc0\x8a\x81\r=p\x05\xc9\x01\x05""",3
com.google.android.gms,212,,com.google.android.gms.phenotype,229,0,b'\x08\x03\x12\x10\r\x03\xa6\x98\xed\x0f\x15\x0f\xe8\xd8\xee\x0f\xb8:R\x05',3
com.google.android.gms.settings.platform,332,,com.google.android.gms.phenotype,229,0,b'\x08\x03\x12\x06\x15\x03\x9e\xb9\xa6\r',3
com.google.android.gms,212,heisenbergcarro@gmail.com,com.google.android.gms.phenotype,229,0,b'\x08\x03\x12\x10\r\x03\xa6\x98\xed\x0f\x15\x0f\xe8\xd8\xee\x0f\xb8:R\x05',3
com.google.android.gms.settings.platform,332,heisenbergcarro@gmail.com,com.google.android.gms.phenotype,229,0,b'\x08\x03\x12\x06\x15\x03\x9e\xb9\xa6\r',3
com.google.android.metrics,223,,com.google.android.gms.playlog.uploader,229,1,b'\x08\x03\x12\t\x15\x00\xa8\xec\xe7\x0e/\x03\x03',3
com.google.android.metrics,223,,com.google.android.gms.playlog.uploader,229,1,b'\x08\x03\x12\t\x15\x00\xa8\xec\xe7\x0e/\x03\x03',3
com.google.android.gms.icing,99999,,com.google.android.googlequicksearchbox,301152851,1,b'\x08\x03\x12\x07\x15\x02\x95\x8d\xe5\x0e\x04',3
com.google.android.projection.gearhead,64611714,,com.google.android.googlequicksearchbox,301152851,1,b'\x08\x03\x12A\x158\xc0\xcc\xcf\r\x05\x98\x06\x05\xd2\x04\x06w\x05\xfe\x05\x05\xa0\x06\x05\x01\x05F\x05\x15\x05\x01\x05-\x05\x1d\x05\xfd\x06\x05\xc2\x04\x05\xbc\x06\x05\x02\x05\x95\x06\x05\xe8\x05\x05U\x05\xb8\x04\x05\xf0\x06\x05\x0eU\x93\x03\x05Q\x05',3
com.google.android.gms.settings.platform,332,,com.google.android.gms.phenotype,229,1,b'\x08\x03\x12\x06\x15\x03\x9e\xb9\xa6\r',3
com.google.android.gms,212,,com.google.android.gms.auth_account,212418000,1,b'\x08\x03\x12\x06\r\x03\xa6\x98\xed\x0f',3
com.google.android.gms,212,,com.google.android.gms.icing,99999,1,b'\x08\x03\x12\x06\r\x03\xa6\x98\xed\x0f',3
com.google.android.gms,212,,com.google.android.gms.instantapps,232,1,b'\x08\x03\x12\x06\r\x03\xa6\x98\xed\x0f',3
com.google.android.gms,212,,com.google.android.gms.kids,1,1,b'\x08\x03\x12\x0f\x15\n\xca\x92\xed\x0f\x05\x9d\x03\x057\x05\xc2\x05\x05',3
com.google.android.gms,212,,com.google.android.gms.ocr,212418000,1,b'\x08\x03\x12\x07\x15\x02\x82\x99\xed\x0f\x05',3
com.google.android.gms,212,,com.google.android.gms.phenotype,229,1,b'\x08\x03\x12\x10\r\x03\xa6\x98\xed\x0f\x15\x0f\xe8\xd8\xee\x0f\xb8:R\x05',3
com.google.android.gms,212,,com.google.android.gms.playlog.uploader,229,1,b'\x08\x03\x12\r\r\x03\xa6\x98\xed\x0f\x15\x02\x82\x99\xed\x0f\x05',3
com.google.android.gms,212,,com.google.android.gms.vision,2073,1,b'\x08\x03\x12\x08\x15\x01\xd7\x8b\xed\x0f\xd2\n',3
com.google.android.gms,212,,com.google.android.location,212418000,1,b'\x08\x03\x12\x06\r\x03\xa6\x98\xed\x0f',3
com.google.android.gms,212,,com.google.android.location,212418000,0,b'\x08\x03\x12\x06\r\x03\xa6\x98\xed\x0f',3
com.google.android.gms,212,heisenbergcarro@gmail.com,com.google.android.location,212418000,0,b'\x08\x03\x12\x06\r\x03\xa6\x98\xed\x0f',3
com.google.android.gms,212,,com.google.android.location,212418000,1,b'\x08\x03\x12\x06\r\x03\xa6\x98\xed\x0f',3
com.google.android.gms,212,,com.google.android.location,212418000,1,b'\x08\x03\x12\x06\r\x03\xa6\x98\xed\x0f',3
com.google.android.gms.icing,99999,,com.google.android.googlequicksearchbox,301152851,1,b'\x08\x03\x12\x07\x15\x02\x95\x8d\xe5\x0e\x04',3
com.google.android.projection.gearhead,64611714,,com.google.android.googlequicksearchbox,301152851,1,b'\x08\x03\x12A\x158\xc0\xcc\xcf\r\x05\x98\x06\x05\xd2\x04\x06w\x05\xfe\x05\x05\xa0\x06\x05\x01\x05F\x05\x15\x05\x01\x05-\x05\x1d\x05\xfd\x06\x05\xc2\x04\x05\xbc\x06\x05\x02\x05\x95\x06\x05\xe8\x05\x05U\x05\xb8\x04\x05\xf0\x06\x05\x0eU\x93\x03\x05Q\x05',3
com.google.android.apps.turbo,10238605,,com.google.android.gms.tron.metrics,230,1,b'\x08\x03\x12\x06\r\x03\xca\x9a\xf7\r',3
com.google.android.gms.car,1,,com.google.android.projection.gearhead,64611714,0,b'\x08\x03\x12\x13\x15\x16\xc5\xf5\xc2\x0b\x04\x1b\x04\xcd\x08\x04\xc1\x05\x04\x15\x04N\x04',3
com.google.android.googlequicksearchbox,301152851,,com.google.android.projection.gearhead,64611714,0,b'\x08\x03\x12\x08%\x01\xc8\xdb\xa7\x11\xe2\x06',3
com.google.android.gms.car,1,heisenbergcarro@gmail.com,com.google.android.projection.gearhead,64611714,0,b'\x08\x03\x12\x13\x15\x16\xc5\xf5\xc2\x0b\x04\x1b\x04\xcd\x08\x04\xc1\x05\x04\x15\x04N\x04',3
com.google.android.googlequicksearchbox,301152851,heisenbergcarro@gmail.com,com.google.android.projection.gearhead,64611714,0,b'\x08\x03\x12\x08%\x01\xc8\xdb\xa7\x11\xe2\x06',3
com.google.android.gms.car,1,,com.google.android.googlequicksearchbox,301152851,0,b'\x08\x03\x12\x13\x15\x16\xc5\xf5\xc2\x0b\x04\x1b\x04\xcd\x08\x04\xc1\x05\x04\x15\x04N\x04',3
com.google.android.gms.icing,99999,,com.google.android.googlequicksearchbox,301152851,0,b'\x08\x03\x12\x07\x15\x02\x95\x8d\xe5\x0e\x04',3
com.google.android.projection.gearhead,64611714,,com.google.android.googlequicksearchbox,301152851,0,b'\x08\x03\x12C\x15F\xc0\xcc\xcf\r\x05\x98\x06\x05\xd2\x04\x06w\x05\xfe\x05\x05\xa0\x06\x05\x01\x05F\x05\x15\x05\x01\x05-\x05\x1d\x05\xfd\x06\x05\xc2\x04\x05\xbc\x06\x05\x02\x05\x95\x06\x05\xe8\x05\x05U\x05\x9b\x04\x05\x18\x05\xf0\x06\x05\x0eU\x93\x03\x05Q\x05',3
com.google.android.apps.photos,39835085,heisenbergcarro@gmail.com,com.google.android.googlequicksearchbox,301152851,0,b'\x08\x03\x12\x06\r\x03\xeb\xb6\xd0\x0e',3
com.google.android.gms.car,1,heisenbergcarro@gmail.com,com.google.android.googlequicksearchbox,301152851,0,b'\x08\x03\x12\x13\x15\x16\xc5\xf5\xc2\x0b\x04\x1b\x04\xcd\x08\x04\xc1\x05\x04\x15\x04N\x04',3
com.google.android.gms.icing,99999,heisenbergcarro@gmail.com,com.google.android.googlequicksearchbox,301152851,0,b'\x08\x03\x12\x07\x15\x02\x95\x8d\xe5\x0e\x04',3
com.google.android.projection.gearhead,64611714,heisenbergcarro@gmail.com,com.google.android.googlequicksearchbox,301152851,0,b'\x08\x03\x12C\x15F\xc0\xcc\xcf\r\x05\x98\x06\x05\xd2\x04\x06w\x05\xfe\x05\x05\xa0\x06\x05\x01\x05F\x05\x15\x05\x01\x05-\x05\x1d\x05\xfd\x06\x05\xc2\x04\x05\xbc\x06\x05\x02\x05\x95\x06\x05\xe8\x05\x05U\x05\x9b\x04\x05\x18\x05\xf0\x06\x05\x0eU\x93\x03\x05Q\x05',3
com.google.android.gms.icing,99999,,com.google.android.googlequicksearchbox,301152851,1,b'\x08\x03\x12\x07\x15\x02\x95\x8d\xe5\x0e\x04',3
com.google.android.projection.gearhead,64611714,,com.google.android.googlequicksearchbox,301152851,1,b'\x08\x03\x12C\x15F\xc0\xcc\xcf\r\x05\x98\x06\x05\xd2\x04\x06w\x05\xfe\x05\x05\xa0\x06\x05\x01\x05F\x05\x15\x05\x01\x05-\x05\x1d\x05\xfd\x06\x05\xc2\x04\x05\xbc\x06\x05\x02\x05\x95\x06\x05\xe8\x05\x05U\x05\x9b\x04\x05\x18\x05\xf0\x06\x05\x0eU\x93\x03\x05Q\x05',3
com.google.android.apps.photos,39835085,heisenbergcarro@gmail.com,com.google.android.googlequicksearchbox,301152851,1,b'\x08\x03\x12\x06\r\x03\xeb\xb6\xd0\x0e',3
com.google.android.westworld,1,,com.google.android.gms.playlog.uploader,229,1,"b""\x08\x03\x12k\x15n\x82\xa5\xc2\x0bu\x04>\x03\xfd\x05\xf2\x02\xf1\x02\x1f\x16\x13\xaa\x06^\x11Y2\x03\t\x06D\x06\x1aN\x04:0'&\x0fp\x05\x82\x06Mp(S\xd7\x06\x7f\xd7\x04\xb5\x06V\x05\x1d\xfd\x05\x04\x07\xce\x06[\x05P\x02\xdb\x06\x9f\x06\xa2\x04\x05f\xdd\x04\x05\x02\x05I\x05u>\x05O\x06\xd2\x04\x05\x8b\x02\x05\x1c\x05iM\x05\xc0\x8a\x81\r=p\x05\xc9\x01\x05""",3
com.google.android.gms.autofill,26000,,com.google.android.gms.wallet,212480904,0,b'\x08\x03\x12\x07\x15\x02\x9a\xd4\xe8\r\x04',3
com.google.android.gms.autofill,26000,heisenbergcarro@gmail.com,com.google.android.gms.wallet,212480904,0,b'\x08\x03\x12\x07\x15\x02\x9a\xd4\xe8\r\x04',3
com.google.android.gms,212,,com.google.android.gms.ocr,212480904,0,b'\x08\x03\x12\x07\x15\x02\x82\x99\xed\x0f\x05',3
com.google.android.gms,212,heisenbergcarro@gmail.com,com.google.android.gms.ocr,212480904,0,b'\x08\x03\x12\x07\x15\x02\x82\x99\xed\x0f\x05',3
com.google.android.gms.autofill,26000,,com.google.android.gms.wallet,212480904,1,b'\x08\x03\x12\x07\x15\x02\x9a\xd4\xe8\r\x04',3
com.google.android.gms.autofill,26000,,com.google.android.gms.wallet,212480904,1,b'\x08\x03\x12\x07\x15\x02\x9a\xd4\xe8\r\x04',3
com.google.android.gms,212,,com.google.android.gms.ocr,212480904,1,b'\x08\x03\x12\x07\x15\x02\x82\x99\xed\x0f\x05',3
com.google.android.gms,212,,com.google.android.gms.ocr,212480904,1,b'\x08\x03\x12\x07\x15\x02\x82\x99\xed\x0f\x05',3
com.google.android.gms.nearby,212418000,,com.google.android.gms.auth_account,212418000,1,b'\x08\x03\x12\x07\x15\x02\x87\xc6\xe1\r\x04',3
com.google.android.gms.nearby,212418000,,com.google.android.gms.smartdevice,212418000,1,b'\x08\x03\x12\x07\x15\x02\x87\xc6\xe1\r\x04',3
com.google.android.gms.car,1,,com.google.android.googlequicksearchbox,301152851,1,b'\x08\x03\x12\x13\x15\x16\xc5\xf5\xc2\x0b\x04\x1b\x04\xcd\x08\x04\xc1\x05\x04\x15\x04N\x04',3
com.google.android.gms.car,1,,com.google.android.projection.gearhead,64611714,1,b'\x08\x03\x12\x13\x15\x16\xc5\xf5\xc2\x0b\x04\x1b\x04\xcd\x08\x04\xc1\x05\x04\x15\x04N\x04',3
com.google.android.googlequicksearchbox,301152851,heisenbergcarro@gmail.com,com.google.android.gms.icing,99999,1,b'\x08\x03\x12\x07%\x02\x87\xa4\xa5\x11\x06',3
com.google.android.googlequicksearchbox,301152851,heisenbergcarro@gmail.com,com.google.android.projection.gearhead,64611714,1,b'\x08\x03\x12\x08%\x01\xc8\xdb\xa7\x11\xe2\x06',3
